0,14.799999999999963,,,
1,-9.100000000000005,,167135.703125,4.663776397705078
2,-9.800000000000011,,55491.9453125,3.625389337539673
3,-8.300000000000004,,2045.953369140625,-12.023065567016602
4,5.89999999999996,,25640.212890625,47.89099884033203
5,249.89999999999998,,61534.19921875,82.4078369140625
6,252.4,,71489.546875,78.93643188476562
7,254.0,,43528.578125,91.44258117675781
8,253.1,,3816.935546875,74.74281311035156
9,252.39999999999998,,11153.8662109375,130.72775268554688
10,252.8,,11153.8662109375,130.72775268554688
11,253.3,,1723.9732666015625,108.23118591308594
12,249.7,,3781.556884765625,112.59327697753906
13,253.7,,304.1260986328125,115.57688903808594
14,252.7,,3066.337890625,124.4741439819336
15,252.6,,592.6951904296875,111.01113891601562
16,253.3,,291.60345458984375,117.96305847167969
17,253.1,,552.5498657226562,100.44073486328125
18,252.49999999999997,,2808.43212890625,124.26023864746094
19,253.5,,589.1253051757812,110.30714416503906
20,252.9,,589.1253051757812,110.30714416503906
21,250.1,,115.48271179199219,143.72850036621094
22,248.8,,366.8957824707031,132.30775451660156
23,252.7,,618.1041259765625,131.735107421875
24,252.8,,224.93301391601562,114.27359771728516
25,252.6,,571.2135620117188,134.82095336914062
26,252.4,,346.9105529785156,132.85174560546875
27,252.6,,2083.148681640625,136.9315643310547
28,253.3,,382.50054931640625,143.40869140625
29,-6.800000000000004,,162.67669677734375,145.75942993164062
30,252.6,,162.67669677734375,145.75942993164062
31,252.1,,440.7359313964844,166.7996368408203
32,252.5,,230.08602905273438,133.7802276611328
33,253.0,,2191.7392578125,137.04656982421875
34,249.0,,273.6493835449219,121.69770050048828
35,252.6,,891.0272827148438,152.2693328857422
36,253.0,,311.2105712890625,152.56698608398438
37,253.6,,237.47265625,144.8905029296875
38,252.6,,369.80340576171875,123.74918365478516
39,252.6,,211.2110595703125,153.17605590820312
40,252.7,,211.2110595703125,153.17605590820312
41,252.8,,357.38299560546875,132.97994995117188
42,252.3,,275.34637451171875,145.62423706054688
43,252.3,,3743.25634765625,123.6279067993164
44,253.2,,1105.9517822265625,106.72445678710938
45,248.9,,381.8371887207031,114.30740356445312
46,252.7,,268.0135498046875,136.2767333984375
47,252.4,,545.2950439453125,128.9597625732422
48,252.6,,1875.5638427734375,123.18919372558594
49,252.4,,248.7715606689453,147.61312866210938
50,253.0,,248.7715606689453,147.61312866210938
51,252.8,,1289.240966796875,129.8965606689453
52,253.2,,2070.36328125,131.65216064453125
53,252.7,,128.41983032226562,116.77015686035156
54,252.5,,425.303955078125,129.69874572753906
55,253.0,,298.3791809082031,123.33673095703125
56,250.1,,254.03163146972656,129.74526977539062
57,252.8,,224.57244873046875,149.82327270507812
58,252.4,,257.0661315917969,129.80421447753906
59,252.5,,232.00271606445312,112.3932876586914
60,249.4,,232.00271606445312,112.3932876586914
61,248.9,,1950.9166259765625,135.38934326171875
62,253.1,,1081.6328125,107.96525573730469
63,252.6,,1832.627197265625,118.04655456542969
64,252.7,,1921.2373046875,136.989501953125
65,252.9,,227.0665283203125,120.46540832519531
66,252.6,,3329.00927734375,108.99539947509766
67,252.5,,2565.654541015625,111.04090881347656
68,252.6,,323.23944091796875,104.01602172851562
69,252.7,,278.807373046875,106.29002380371094
70,252.3,,278.807373046875,106.29002380371094
71,253.1,,1782.619873046875,106.56168365478516
72,252.4,,210.39979553222656,116.23777770996094
73,252.6,,211.98968505859375,120.7016830444336
74,252.4,,314.23516845703125,86.22599792480469
75,252.7,,249.65167236328125,105.83236694335938
76,252.4,,1660.8531494140625,110.92237854003906
77,252.6,,203.48849487304688,94.37167358398438
78,252.8,,3262.10888671875,102.40760803222656
79,252.6,,318.38458251953125,81.97686767578125
80,252.9,,318.38458251953125,81.97686767578125
81,252.8,,3254.50341796875,97.81485748291016
82,248.1,,270.2428894042969,110.0023193359375
83,252.5,,341.9771423339844,89.45567321777344
84,252.2,,237.8452911376953,100.45524597167969
85,252.5,,1060.930419921875,92.52073669433594
86,252.5,,196.29443359375,108.86079406738281
87,252.3,,1761.65576171875,118.91878509521484
88,248.1,,799.0589599609375,122.38058471679688
89,252.7,,180.35971069335938,118.13211059570312
90,252.5,,180.35971069335938,118.13211059570312
91,252.6,,226.1295166015625,99.15065002441406
92,252.3,,184.8364715576172,91.78820037841797
93,248.0,,163.63870239257812,97.84603881835938
94,248.29999999999998,,182.2252197265625,116.22525024414062
95,252.7,,844.298095703125,116.97906494140625
96,252.8,,222.17681884765625,99.26765441894531
97,-5.500000000000016,,148.9834747314453,109.90605163574219
98,252.6,,1022.6541748046875,93.1622314453125
99,252.6,,238.42752075195312,100.96690368652344
100,-5.800000000000011,,238.42752075195312,100.96690368652344
101,-5.000000000000016,,156.0434112548828,114.83900451660156
102,-5.7000000000000135,,415.3223876953125,120.85284423828125
103,-5.400000000000015,,234.66253662109375,110.16792297363281
104,252.6,,1452.155517578125,134.70448303222656
105,248.1,,520.1522216796875,121.332763671875
106,248.8,,658.1134643554688,150.15174865722656
107,-5.400000000000015,,196.66928100585938,130.21292114257812
108,-5.900000000000016,,282.3829345703125,156.57431030273438
109,-5.900000000000015,,197.07620239257812,132.7489013671875
110,-6.200000000000012,,197.07620239257812,132.7489013671875
111,-5.200000000000015,,1373.2413330078125,128.81350708007812
112,-5.600000000000016,,237.23526000976562,136.44180297851562
113,-5.600000000000016,,188.302490234375,122.82685089111328
114,-5.100000000000016,,238.0037078857422,151.22695922851562
115,-5.000000000000016,,164.39605712890625,145.04135131835938
116,-5.400000000000015,,894.9578857421875,161.41705322265625
117,-5.500000000000016,,429.8039245605469,151.01919555664062
118,-5.800000000000015,,241.0739288330078,152.73480224609375
119,-7.2000000000000135,,204.5418701171875,150.1068572998047
120,-6.400000000000013,,204.5418701171875,150.1068572998047
121,-4.900000000000015,,1846.24951171875,137.9756317138672
122,-4.500000000000015,,675.4544067382812,152.32565307617188
123,-5.100000000000014,,158.11932373046875,129.58213806152344
124,-7.000000000000014,,166.40679931640625,156.13214111328125
125,-4.800000000000015,,203.84893798828125,136.4215545654297
126,-5.100000000000016,,826.0764770507812,140.9376983642578
127,-5.300000000000015,,729.8427734375,158.12451171875
128,-5.000000000000016,,396.0839538574219,146.1658935546875
129,-4.600000000000016,,465.356689453125,125.57454681396484
130,-6.600000000000012,,465.356689453125,125.57454681396484
131,-6.300000000000015,,823.0858764648438,151.16085815429688
132,-8.100000000000014,,989.349609375,186.01547241210938
133,-7.700000000000015,,618.4864501953125,192.63430786132812
134,-9.000000000000014,,314.9329833984375,188.82867431640625
135,-7.400000000000015,,1524.6236572265625,184.94610595703125
136,-8.300000000000013,,1131.734375,197.03941345214844
137,-7.900000000000013,,1475.8856201171875,215.767333984375
138,-6.500000000000014,,1110.5224609375,208.31161499023438
139,-5.600000000000014,,917.376220703125,181.38552856445312
140,-8.400000000000013,,917.376220703125,181.38552856445312
141,-7.400000000000015,,118.45355224609375,185.1396484375
142,-7.600000000000014,,967.671875,187.68568420410156
143,-7.600000000000014,,253.426513671875,215.27442932128906
144,241.2,,1034.283203125,157.91732788085938
145,252.2,,483.56500244140625,186.13931274414062
146,-6.500000000000014,,647.5662841796875,180.7811737060547
147,-5.600000000000014,,480.9560546875,179.06753540039062
148,-6.400000000000015,,82.66105651855469,195.9783935546875
149,-5.600000000000014,,911.9678955078125,199.08677673339844
150,-6.300000000000011,,911.9678955078125,199.08677673339844
151,-6.800000000000013,,831.1962280273438,219.22630310058594
152,-5.100000000000016,,367.7132568359375,211.49330139160156
153,-5.600000000000016,,662.5315551757812,220.65272521972656
154,-5.900000000000016,,786.723388671875,205.01434326171875
155,-5.900000000000015,,160.50399780273438,223.7852020263672
156,-6.300000000000015,,444.65057373046875,219.80108642578125
157,-5.700000000000015,,303.23724365234375,230.72598266601562
158,-5.400000000000015,,145.20443725585938,204.94918823242188
159,-6.000000000000014,,338.13055419921875,206.30511474609375
160,-6.900000000000011,,338.13055419921875,206.30511474609375
161,-6.2000000000000135,,618.9097900390625,202.88912963867188
162,-5.800000000000015,,303.91888427734375,211.16184997558594
163,-5.7000000000000135,,320.40545654296875,195.67398071289062
164,-5.500000000000012,,114.36946105957031,198.94305419921875
165,-5.7000000000000135,,214.91226196289062,185.7606658935547
166,-4.800000000000015,,327.33282470703125,206.40371704101562
167,-5.7000000000000135,,936.329833984375,198.93072509765625
168,-4.900000000000015,,314.8748779296875,206.81448364257812
169,-5.900000000000013,,610.5028076171875,194.47000122070312
170,-5.80000000000001,,610.5028076171875,194.47000122070312
171,243.39999999999998,,483.4017028808594,177.5906982421875
172,252.5,,111.3474349975586,196.23019409179688
173,242.0,,138.53475952148438,190.53695678710938
174,252.4,,120.50650024414062,192.07151794433594
175,-5.800000000000015,,434.17681884765625,162.82591247558594
176,252.2,,316.0619812011719,194.92642211914062
177,-5.700000000000015,,131.83985900878906,162.34124755859375
178,-5.500000000000016,,155.10968017578125,182.03599548339844
179,-5.300000000000017,,410.32769775390625,178.2064666748047
180,-6.900000000000011,,410.32769775390625,178.2064666748047
181,-5.800000000000015,,757.3839111328125,166.68638610839844
182,-4.800000000000014,,161.908447265625,158.7193603515625
183,-4.500000000000012,,177.56663513183594,173.006591796875
184,-3.700000000000013,,257.1405334472656,166.44454956054688
185,-4.100000000000012,,209.32235717773438,170.99058532714844
186,249.2,,367.2295837402344,156.62060546875
187,248.4,,189.85189819335938,150.31185913085938
188,251.9,,228.27984619140625,140.0186309814453
189,252.3,,237.89724731445312,154.32046508789062
190,248.1,,237.89724731445312,154.32046508789062
191,247.9,,259.04534912109375,161.49188232421875
192,252.4,,311.600830078125,152.44223022460938
193,-4.900000000000015,,167.94497680664062,148.74049377441406
194,-3.700000000000014,,245.20579528808594,141.59811401367188
195,-4.200000000000015,,294.397216796875,151.15353393554688
196,-3.800000000000014,,182.0311279296875,133.67236328125
197,-4.500000000000013,,448.6148681640625,128.2016143798828
198,252.8,,365.11187744140625,137.14828491210938
199,252.5,,193.90524291992188,125.57085418701172
200,252.6,,193.90524291992188,125.57085418701172
201,-4.900000000000013,,190.89120483398438,116.44699096679688
202,243.39999999999998,,131.91763305664062,131.68130493164062
203,-5.500000000000014,,184.87030029296875,116.22073364257812
204,252.3,,181.3036651611328,99.80776977539062
205,-5.000000000000014,,430.2858581542969,109.02220153808594
206,-5.500000000000012,,306.8647155761719,113.45779418945312
207,-4.500000000000014,,165.79736328125,111.47559356689453
208,-5.800000000000015,,91.86514282226562,96.6885986328125
209,-5.900000000000015,,200.2177276611328,90.8344955444336
210,-6.600000000000012,,200.2177276611328,90.8344955444336
211,4.999999999999996,,310.498291015625,94.20578002929688
212,-5.800000000000015,,141.96168518066406,98.03575897216797
213,-5.300000000000013,,150.28433227539062,85.83047485351562
214,-7.100000000000014,,174.00645446777344,75.16380310058594
215,247.6,,142.34315490722656,90.32955932617188
216,-6.000000000000014,,152.16592407226562,75.8770751953125
217,247.7,,147.48648071289062,85.68135070800781
218,-5.200000000000015,,148.3382568359375,88.84237670898438
219,-5.100000000000016,,150.6754150390625,85.36888122558594
220,-5.900000000000013,,150.6754150390625,85.36888122558594
221,-5.300000000000015,,116.30522155761719,79.400146484375
222,-5.300000000000017,,224.98977661132812,74.49971771240234
223,-5.400000000000016,,96.76898193359375,77.687744140625
224,-5.500000000000016,,190.52609252929688,80.6605224609375
225,-5.100000000000014,,112.89289855957031,68.02339172363281
226,-5.700000000000015,,206.4013671875,79.27293395996094
227,-6.100000000000016,,108.52204132080078,65.30784606933594
228,-7.700000000000012,,153.83197021484375,77.86763000488281
229,-6.700000000000012,,162.05088806152344,70.93193054199219
230,-6.900000000000011,,162.05088806152344,70.93193054199219
231,-6.400000000000013,,201.46212768554688,74.31979370117188
232,-6.500000000000012,,104.22395324707031,60.101890563964844
233,-6.700000000000012,,90.52751159667969,65.52470397949219
234,248.0,,132.9669647216797,61.956886291503906
235,242.39999999999998,,115.16328430175781,63.263912200927734
236,252.5,,189.42660522460938,64.64091491699219
237,252.4,,110.32447052001953,67.27200317382812
238,252.3,,114.88618469238281,63.648231506347656
239,252.4,,146.62547302246094,61.51507568359375
240,252.6,,146.62547302246094,61.51507568359375
241,252.5,,113.62619018554688,66.28770446777344
242,242.1,,141.74603271484375,58.48680114746094
243,-6.600000000000016,,80.14187622070312,51.25938415527344
244,-5.900000000000016,,171.01559448242188,61.01006317138672
245,-5.700000000000015,,97.99392700195312,52.525142669677734
246,-5.800000000000015,,78.91075134277344,61.09273910522461
247,-5.500000000000018,,103.4053955078125,46.06988525390625
248,253.2,,80.4532470703125,53.581016540527344
249,252.0,,91.59686279296875,48.98759460449219
250,-7.100000000000012,,91.59686279296875,48.98759460449219
251,-5.000000000000018,,63.23860168457031,53.53287124633789
252,-4.000000000000014,,104.67001342773438,41.5261116027832
253,-6.500000000000014,,93.97370147705078,52.193912506103516
254,-6.300000000000015,,112.18476867675781,48.74522399902344
255,-5.900000000000015,,105.57391357421875,42.77043914794922
256,-5.400000000000016,,123.21853637695312,40.867244720458984
257,-7.200000000000012,,77.8998031616211,34.23880386352539
258,-7.500000000000014,,97.60478210449219,35.4031867980957
259,-8.000000000000012,,59.61555480957031,41.38038635253906
260,-8.300000000000011,,59.61555480957031,41.38038635253906
261,-6.900000000000015,,128.58396911621094,40.76829528808594
262,-8.000000000000014,,48.243873596191406,35.72398376464844
263,-8.100000000000014,,44.44074630737305,39.82921600341797
264,-7.300000000000013,,152.52926635742188,29.735383987426758
265,-6.7000000000000135,,95.86558532714844,29.52594566345215
266,-6.500000000000014,,120.08000183105469,30.286937713623047
267,-7.2000000000000135,,61.82440185546875,23.377538681030273
268,-6.200000000000015,,49.56894302368164,26.24530601501465
269,-6.100000000000016,,51.04241180419922,28.733230590820312
270,-6.20000000000001,,51.04241180419922,28.733230590820312
271,-8.30000000000001,,103.62187194824219,22.078876495361328
272,-5.800000000000015,,81.33293914794922,23.6969051361084
273,-6.200000000000015,,41.0240478515625,27.501495361328125
274,-4.7000000000000135,,51.140350341796875,18.767541885375977
275,-5.400000000000015,,37.208473205566406,20.49532127380371
276,-6.500000000000014,,31.007545471191406,19.024917602539062
277,-6.800000000000015,,60.41313171386719,19.417421340942383
278,-7.400000000000015,,30.369903564453125,25.709228515625
279,-6.600000000000016,,46.821189880371094,15.489185333251953
280,-7.500000000000011,,46.821189880371094,15.489185333251953
281,-6.600000000000014,,47.48881149291992,16.88317108154297
282,-7.2000000000000135,,62.81462860107422,23.581649780273438
283,-6.500000000000014,,62.810302734375,15.029684066772461
284,-5.900000000000015,,37.710182189941406,8.255743026733398
285,-6.100000000000014,,100.3634033203125,14.565923690795898
286,-5.7000000000000135,,34.93556213378906,11.493047714233398
287,-4.500000000000015,,40.38562774658203,9.88484001159668
288,-5.000000000000012,,32.529937744140625,11.324804306030273
289,-5.100000000000014,,47.87891387939453,9.91486644744873
290,-6.60000000000001,,47.87891387939453,9.91486644744873
291,-5.000000000000014,,87.89887237548828,9.51890754699707
292,-4.000000000000015,,48.80522155761719,5.69451379776001
293,-5.2000000000000135,,46.78992462158203,9.113012313842773
294,-5.200000000000012,,83.79780578613281,-1.7923805713653564
295,-6.100000000000014,,158.77183532714844,-1.6556611061096191
296,-5.100000000000012,,39.210750579833984,0.8238661289215088
297,-6.100000000000014,,53.9714469909668,4.390925884246826
298,-6.800000000000013,,49.970855712890625,2.8496742248535156
299,-6.000000000000014,,44.543636322021484,5.9651007652282715
300,-6.400000000000009,,44.543636322021484,5.9651007652282715
301,-5.400000000000015,,37.903160095214844,3.4761552810668945
302,-4.900000000000012,,51.95700454711914,7.505481719970703
303,-5.800000000000013,,20.505050659179688,-3.1203415393829346
304,-5.300000000000015,,39.146488189697266,-1.8804280757904053
305,247.4,,49.24237823486328,5.13388729095459
306,-5.100000000000014,,24.204404830932617,-1.9490782022476196
307,-6.900000000000013,,46.24168395996094,-0.612534761428833
308,-6.800000000000011,,15.132856369018555,-2.8132801055908203
309,-7.300000000000013,,40.068885803222656,-4.644834995269775
310,247.7,,40.068885803222656,-4.644834995269775
311,-4.800000000000014,,15.598955154418945,-4.974472522735596
312,-5.400000000000011,,28.072290420532227,0.3929479122161865
313,-6.000000000000012,,27.490081787109375,-0.5085035562515259
314,-7.900000000000013,,53.7752571105957,-3.325503349304199
315,-6.700000000000012,,43.998138427734375,-2.2214956283569336
316,-5.600000000000014,,38.938533782958984,-1.8648560047149658
317,-8.400000000000013,,31.49525260925293,-2.4963512420654297
318,-6.300000000000013,,15.252463340759277,0.15225589275360107
319,-5.700000000000012,,26.97941780090332,-2.8014135360717773
320,-5.700000000000012,,26.97941780090332,-2.8014135360717773
321,-5.100000000000013,,44.58509826660156,-3.614675283432007
322,-5.30000000000001,,96.97398376464844,-1.9969555139541626
323,-4.200000000000012,,28.53040313720703,-2.7610321044921875
324,-4.7000000000000135,,86.79485321044922,-2.595015048980713
325,-5.300000000000011,,19.365947723388672,-6.0603485107421875
326,-5.000000000000012,,19.021379470825195,-8.62873649597168
327,-5.800000000000013,,19.45822525024414,-5.868799209594727
328,-5.400000000000015,,12.488670349121094,-1.8721874952316284
329,-5.900000000000013,,36.021942138671875,-6.044968605041504
330,-6.700000000000008,,36.021942138671875,-6.044968605041504
331,-5.2000000000000135,,30.130966186523438,-3.1308765411376953
332,-6.600000000000012,,29.166854858398438,-4.578456878662109
333,-5.500000000000014,,6.703907012939453,-4.613560676574707
334,-5.2000000000000135,,15.729546546936035,-5.409420013427734
335,-6.000000000000012,,15.284562110900879,-3.7562315464019775
336,-5.300000000000013,,63.05705261230469,-6.074681282043457
337,-5.200000000000015,,21.841384887695312,-5.824305534362793
338,-5.700000000000012,,32.81600570678711,-4.817130088806152
339,248.5,,15.77715015411377,-7.368488311767578
340,248.0,,15.77715015411377,-7.368488311767578
341,247.79999999999998,,29.41973304748535,-7.471157550811768
342,-5.800000000000013,,38.7266845703125,-7.952668190002441
343,252.6,,56.457942962646484,-5.306301116943359
344,-4.900000000000016,,34.7327880859375,-6.361420631408691
345,252.6,,48.448829650878906,-5.0638861656188965
346,248.29999999999998,,73.08722686767578,-6.659435272216797
347,248.5,,13.866767883300781,-6.950384140014648
348,248.9,,18.276565551757812,-11.184931755065918
349,-5.100000000000014,,30.894405364990234,-8.188532829284668
350,252.4,,30.894405364990234,-8.188532829284668
351,252.5,,19.313987731933594,-10.418851852416992
352,243.6,,56.41164779663086,-8.403505325317383
353,252.6,,30.618938446044922,-9.612085342407227
354,-5.100000000000014,,14.852709770202637,-8.79305648803711
355,252.4,,32.44086456298828,-8.627164840698242
356,252.2,,30.161584854125977,-11.31993293762207
357,252.4,,22.382850646972656,-9.426029205322266
358,248.6,,69.25725555419922,-13.219137191772461
359,248.2,,55.69704055786133,-11.751667976379395
360,-7.000000000000011,,55.69704055786133,-11.751667976379395
361,248.1,,23.898717880249023,-9.929866790771484
362,252.4,,73.15154266357422,-8.245777130126953
363,252.4,,25.163959503173828,-11.94246768951416
364,-6.300000000000013,,22.650333404541016,-11.639469146728516
365,-5.800000000000015,,40.53572082519531,-8.234167098999023
366,248.29999999999998,,48.684814453125,-13.054205894470215
367,248.1,,21.851482391357422,-11.137733459472656
368,252.7,,15.770101547241211,-14.03966236114502
369,252.1,,19.865245819091797,-13.82062816619873
370,252.4,,19.865245819091797,-13.82062816619873
371,244.29999999999998,,62.46141815185547,-16.43186378479004
372,247.0,,57.07179260253906,-13.566861152648926
373,247.4,,72.17710876464844,-14.358331680297852
374,248.1,,49.03017807006836,-14.191434860229492
375,252.3,,73.06422424316406,-15.354218482971191
376,252.2,,50.76177215576172,-18.582134246826172
377,252.4,,44.20967483520508,-13.890962600708008
378,248.4,,54.805198669433594,-14.649642944335938
379,252.0,,40.24578094482422,-17.65249252319336
380,252.6,,40.24578094482422,-17.65249252319336
381,252.7,,50.20860290527344,-16.949853897094727
382,252.4,,39.583499908447266,-18.107763290405273
383,252.6,,85.84375,-16.394142150878906
384,247.2,,42.95289611816406,-15.215198516845703
385,252.4,,48.9301643371582,-17.50044822692871
386,246.2,,43.17731475830078,-16.40609359741211
387,252.3,,42.65467834472656,-18.598731994628906
388,252.5,,46.66462707519531,-15.341730117797852
389,252.3,,49.35543441772461,-18.64942169189453
390,252.7,,49.35543441772461,-18.64942169189453
391,-6.500000000000014,,96.75650024414062,-18.694656372070312
392,252.5,,74.38298034667969,-18.52102279663086
393,-7.600000000000014,,24.99349021911621,-19.907089233398438
394,247.4,,35.79277801513672,-18.892284393310547
395,242.1,,36.93748092651367,-18.276357650756836
396,252.5,,51.731693267822266,-20.947792053222656
397,252.5,,49.48858642578125,-21.670623779296875
398,-6.900000000000015,,29.997486114501953,-20.333995819091797
399,-6.900000000000015,,82.56338500976562,-22.74075698852539
400,-7.300000000000011,,82.56338500976562,-22.74075698852539
401,247.5,,56.89976501464844,-23.521631240844727
402,-6.2000000000000135,,32.31756591796875,-25.076847076416016
403,-5.300000000000013,,54.74455261230469,-19.47064208984375
404,-6.800000000000015,,46.45587921142578,-27.40573501586914
405,247.4,,116.31692504882812,-24.983680725097656
406,247.6,,42.71717071533203,-21.77143096923828
407,252.2,,57.998191833496094,-25.161134719848633
408,252.3,,85.575439453125,-26.217851638793945
409,252.1,,62.26789474487305,-24.72035789489746
410,252.4,,62.26789474487305,-24.72035789489746
411,252.2,,55.10428237915039,-28.28176498413086
412,-6.200000000000015,,55.42518615722656,-28.028148651123047
413,252.5,,62.50448226928711,-26.263187408447266
414,247.29999999999998,,41.85784912109375,-25.359895706176758
415,252.3,,36.836578369140625,-31.778076171875
416,247.1,,59.78927230834961,-30.335100173950195
417,242.6,,70.45191955566406,-33.91949462890625
418,252.6,,46.30219268798828,-30.34851837158203
419,252.6,,54.83263397216797,-26.790790557861328
420,252.4,,54.83263397216797,-26.790790557861328
421,252.5,,24.27936553955078,-29.867027282714844
422,252.5,,96.87911224365234,-29.409942626953125
423,252.7,,38.415016174316406,-30.102020263671875
424,252.5,,31.829111099243164,-31.29680633544922
425,247.2,,60.7564582824707,-32.75555419921875
426,247.1,,55.571861267089844,-36.23907470703125
427,252.4,,79.35267639160156,-32.4503173828125
428,252.6,,96.52095031738281,-30.049015045166016
429,252.7,,55.215511322021484,-28.701623916625977
430,252.4,,55.215511322021484,-28.701623916625977
431,247.9,,50.28611755371094,-29.144527435302734
432,252.2,,62.54668426513672,-34.10121154785156
433,252.5,,67.00923156738281,-35.98297119140625
434,247.79999999999998,,70.77751159667969,-29.795066833496094
435,252.5,,81.97550201416016,-30.21451187133789
436,-5.900000000000016,,78.93761444091797,-35.0259895324707
437,247.7,,84.55831909179688,-34.67464065551758
438,241.6,,26.425865173339844,-39.24139404296875
439,247.2,,66.86260223388672,-39.60102462768555
440,-6.700000000000012,,66.86260223388672,-39.60102462768555
441,-6.400000000000015,,114.79560852050781,-39.85792541503906
442,252.6,,53.04092025756836,-33.495113372802734
443,252.5,,62.12550354003906,-38.198028564453125
444,252.5,,46.50918960571289,-36.76782989501953
445,247.79999999999998,,27.22350311279297,-37.83305358886719
446,243.5,,59.32917785644531,-42.13225173950195
447,242.39999999999998,,89.02639770507812,-31.742334365844727
448,-5.200000000000015,,44.871665954589844,-41.53887176513672
449,252.3,,52.940921783447266,-37.21784973144531
450,248.2,,52.940921783447266,-37.21784973144531
451,252.6,,48.73822784423828,-36.338706970214844
452,252.4,,37.87537384033203,-33.85577392578125
453,252.8,,48.11122512817383,-41.883888244628906
454,253.1,,57.11705780029297,-37.45503234863281
455,252.5,,49.587303161621094,-42.302520751953125
456,252.4,,61.40007019042969,-38.54979705810547
457,252.2,,55.219356536865234,-39.43333435058594
458,252.5,,50.477027893066406,-39.687957763671875
459,252.7,,89.75486755371094,-47.59600830078125
460,252.4,,89.75486755371094,-47.59600830078125
461,252.2,,33.6109733581543,-39.94773864746094
462,248.2,,54.714622497558594,-44.50788116455078
463,252.5,,43.24517822265625,-37.873573303222656
464,252.3,,55.135337829589844,-43.268638610839844
465,252.3,,64.8406982421875,-42.45439147949219
466,252.3,,88.573486328125,-44.700035095214844
467,252.5,,68.4616928100586,-38.92613220214844
468,252.8,,31.65604019165039,-43.37452697753906
469,252.5,,48.88661193847656,-39.935935974121094
470,252.3,,48.88661193847656,-39.935935974121094
471,252.4,,65.05094909667969,-41.055206298828125
472,252.6,,30.09376335144043,-45.17926025390625
473,252.2,,57.869441986083984,-45.37566375732422
474,252.5,,40.3209342956543,-43.45908737182617
475,252.5,,74.37399291992188,-44.378456115722656
476,252.4,,35.293182373046875,-42.42101287841797
477,252.4,,62.024192810058594,-46.3492431640625
478,247.7,,29.70465660095215,-44.43367004394531
479,252.6,,37.56886291503906,-50.83741760253906
480,252.8,,37.56886291503906,-50.83741760253906
481,252.3,,54.98253631591797,-47.06501007080078
482,252.6,,47.0893669128418,-43.7256965637207
483,252.6,,51.430633544921875,-42.338401794433594
484,252.5,,41.6688117980957,-45.072540283203125
485,252.5,,68.2047119140625,-41.23124694824219
486,252.3,,36.022727966308594,-50.258358001708984
487,252.4,,78.33935546875,-49.720909118652344
488,252.5,,54.12214660644531,-48.76534652709961
489,252.5,,53.21166229248047,-45.3640251159668
490,252.6,,53.21166229248047,-45.3640251159668
491,252.3,,66.80034637451172,-42.123573303222656
492,252.5,,81.91231536865234,-48.09168243408203
493,252.3,,34.58550262451172,-43.35939407348633
494,252.5,,125.09870147705078,-54.922874450683594
495,252.4,,74.0898208618164,-43.287384033203125
496,252.4,,76.9506607055664,-45.71117401123047
497,252.3,,27.683914184570312,-49.81648254394531
498,252.4,,94.01277160644531,-51.68912124633789
499,252.5,,72.10560607910156,-46.77201843261719
500,254.3,,,
501,5.699999999999967,,23.17612075805664,-31.80414390563965
502,6.699999999999957,,51.47157287597656,-35.54553985595703
503,255.4,,46.15098190307617,-36.0781364440918
504,254.6,,52.71338653564453,-45.60760498046875
505,255.79999999999998,,56.74275207519531,-47.84075927734375
506,254.5,,77.14253997802734,-43.399803161621094
507,253.3,,35.20743179321289,-51.41621398925781
508,255.7,,73.67830657958984,-50.811927795410156
509,256.49999999999994,,89.50637817382812,-54.24147033691406
510,253.2,,89.50637817382812,-54.24147033691406
511,255.9,,81.89694213867188,-51.75643539428711
512,254.5,,105.5140380859375,-47.26588439941406
513,254.9,,100.9932861328125,-53.908329010009766
514,254.1,,97.59172821044922,-54.960445404052734
515,255.7,,110.45245361328125,-56.58296203613281
516,254.1,,61.732139587402344,-57.41130447387695
517,254.5,,110.01002502441406,-61.345237731933594
518,253.5,,105.89183044433594,-57.605201721191406
519,254.1,,73.89517211914062,-62.27118682861328
520,255.5,,73.89517211914062,-62.27118682861328
521,254.5,,135.68978881835938,-58.45665740966797
522,255.9,,188.8856658935547,-63.94182586669922
523,254.7,,117.44526672363281,-60.67585754394531
524,254.1,,106.04734802246094,-58.84551239013672
525,253.7,,66.32283020019531,-57.668304443359375
526,254.2,,72.0106201171875,-57.51219940185547
527,254.1,,87.50843048095703,-62.29656219482422
528,254.9,,106.7658920288086,-62.378570556640625
529,253.1,,111.0262680053711,-62.427490234375
530,254.29999999999998,,111.0262680053711,-62.427490234375
531,253.8,,102.143310546875,-71.27654266357422
532,254.8,,95.73493957519531,-68.34992980957031
533,5.899999999999978,,102.16133117675781,-67.17475128173828
534,253.5,,217.1536865234375,-61.006507873535156
535,253.7,,144.58665466308594,-61.77753448486328
536,255.1,,55.18586730957031,-64.12335205078125
537,252.49999999999997,,105.53213500976562,-63.248199462890625
538,255.39999999999998,,77.33453369140625,-67.96871948242188
539,252.5,,140.01806640625,-71.1225357055664
540,251.2,,140.01806640625,-71.1225357055664
541,253.7,,110.19412994384766,-62.498878479003906
542,253.2,,99.74700927734375,-65.54460144042969
543,253.5,,97.04127502441406,-62.152549743652344
544,254.2,,81.29420471191406,-68.434814453125
545,254.3,,118.83892822265625,-65.40388488769531
546,253.5,,88.38671875,-65.82813262939453
547,253.4,,101.2838134765625,-68.03527069091797
548,253.3,,169.31298828125,-69.8734130859375
549,254.2,,91.07675170898438,-61.4276123046875
550,253.3,,91.07675170898438,-61.4276123046875
551,253.5,,88.951416015625,-67.41988372802734
552,253.1,,88.48966217041016,-65.87092590332031
553,253.5,,93.61276245117188,-67.98744201660156
554,253.6,,112.52964782714844,-70.32820129394531
555,253.5,,54.85096740722656,-65.02727508544922
556,254.0,,102.1681900024414,-74.18464660644531
557,253.8,,66.62739562988281,-74.03471374511719
558,253.7,,100.43031311035156,-66.19615936279297
559,253.1,,160.27310180664062,-71.32933044433594
560,252.39999999999998,,160.27310180664062,-71.32933044433594
561,253.9,,112.06802368164062,-72.91901397705078
562,250.9,,108.1090316772461,-69.37503814697266
563,253.3,,58.084747314453125,-64.5355453491211
564,253.6,,109.23468017578125,-70.2917709350586
565,253.9,,55.96929931640625,-60.872989654541016
566,253.1,,67.2197036743164,-61.1585578918457
567,254.2,,54.8223991394043,-64.5907211303711
568,253.7,,57.89177703857422,-74.29200744628906
569,253.6,,103.11174774169922,-71.51161193847656
570,253.5,,103.11174774169922,-71.51161193847656
571,254.2,,105.39266204833984,-68.90226745605469
572,253.6,,101.1355209350586,-76.89539337158203
573,253.1,,125.54402923583984,-75.39700317382812
574,253.2,,76.37889099121094,-75.73959350585938
575,253.6,,98.49812316894531,-74.61158752441406
576,253.4,,84.10465240478516,-67.48184204101562
577,253.4,,90.15815734863281,-68.81124877929688
578,253.3,,105.09190368652344,-78.02476501464844
579,253.3,,121.67206573486328,-74.86693572998047
580,253.6,,121.67206573486328,-74.86693572998047
581,253.9,,57.74748229980469,-72.78504943847656
582,253.8,,112.64753723144531,-78.2913589477539
583,253.6,,99.01658630371094,-73.11825561523438
584,253.5,,64.82908630371094,-79.20906829833984
585,253.2,,59.168548583984375,-74.40428161621094
586,253.8,,81.32295989990234,-75.406494140625
587,253.4,,63.383460998535156,-77.35769653320312
588,253.5,,82.50285339355469,-80.81770324707031
589,253.4,,81.32669067382812,-79.7558364868164
590,253.5,,81.32669067382812,-79.7558364868164
591,251.6,,78.65846252441406,-79.58758544921875
592,253.1,,101.3330078125,-78.86680603027344
593,253.4,,72.78308868408203,-72.71742248535156
594,253.0,,82.21258544921875,-81.48292541503906
595,253.1,,58.84394836425781,-78.80593872070312
596,253.5,,145.85723876953125,-72.88035583496094
597,253.2,,68.92986297607422,-78.23495483398438
598,253.2,,109.05743408203125,-72.431396484375
599,253.0,,84.16717529296875,-72.48109436035156
600,253.5,,84.16717529296875,-72.48109436035156
601,253.4,,64.29995727539062,-78.18185424804688
602,253.5,,56.880584716796875,-76.43949890136719
603,253.7,,76.51585388183594,-80.1398696899414
604,253.9,,65.79218292236328,-78.94532775878906
605,253.5,,92.2304916381836,-80.41947937011719
606,253.7,,58.38380432128906,-78.62886047363281
607,253.5,,61.000762939453125,-77.04884338378906
608,253.3,,46.00444793701172,-78.85513305664062
609,253.4,,59.42047882080078,-76.63352966308594
610,253.4,,59.42047882080078,-76.63352966308594
611,253.3,,93.01658630371094,-89.04713439941406
612,254.1,,112.89205932617188,-88.86701965332031
613,253.5,,81.05902099609375,-83.37689208984375
614,253.3,,51.14249038696289,-73.65766906738281
615,253.7,,89.12403869628906,-81.39321899414062
616,253.2,,63.640533447265625,-74.31248474121094
617,254.0,,43.852325439453125,-80.17149353027344
618,253.4,,91.12113189697266,-75.29347229003906
619,253.2,,50.6450309753418,-78.54049682617188
620,253.5,,50.6450309753418,-78.54049682617188
621,253.4,,63.41572952270508,-87.26847839355469
622,253.6,,55.686195373535156,-77.5285415649414
623,253.7,,63.236961364746094,-78.68385314941406
624,253.4,,58.6660270690918,-80.98066711425781
625,253.2,,115.04264068603516,-77.13949584960938
626,253.5,,103.46508026123047,-85.94173431396484
627,253.3,,92.74913787841797,-81.715576171875
628,253.3,,65.57498168945312,-80.78851318359375
629,253.5,,71.22026062011719,-84.88323974609375
630,253.4,,71.22026062011719,-84.88323974609375
631,253.4,,76.39743041992188,-78.87164306640625
632,253.5,,82.55818939208984,-82.13129425048828
633,253.3,,54.97081756591797,-86.397705078125
634,253.6,,59.43446350097656,-84.62193298339844
635,253.5,,72.08302307128906,-96.32101440429688
636,253.6,,97.80756378173828,-83.2755126953125
637,253.3,,75.83082580566406,-81.39930725097656
638,253.4,,67.72859191894531,-84.25003814697266
639,251.1,,48.07306671142578,-82.00672912597656
640,253.2,,48.07306671142578,-82.00672912597656
641,253.5,,47.16130828857422,-84.01665496826172
642,253.2,,110.66647338867188,-85.09117889404297
643,253.3,,100.000244140625,-87.95389556884766
644,253.5,,54.67606735229492,-86.12984466552734
645,253.5,,35.73350143432617,-77.52960205078125
646,253.5,,66.41551971435547,-87.11337280273438
647,253.6,,81.91139221191406,-83.14490509033203
648,253.0,,63.07120132446289,-88.61402893066406
649,253.5,,119.407470703125,-87.68643188476562
650,253.7,,119.407470703125,-87.68643188476562
651,253.4,,48.18693923950195,-87.28189086914062
652,253.6,,101.83277893066406,-91.25833892822266
653,253.3,,47.86618423461914,-90.10018920898438
654,253.8,,37.513633728027344,-90.66018676757812
655,253.4,,57.76300811767578,-79.78123474121094
656,253.8,,60.90704345703125,-91.5269775390625
657,253.9,,108.7256851196289,-89.34507751464844
658,253.6,,51.94261932373047,-87.03550720214844
659,253.4,,67.14967346191406,-91.86310577392578
660,253.2,,67.14967346191406,-91.86310577392578
661,253.4,,73.58013916015625,-88.66058349609375
662,253.4,,52.21897888183594,-83.04052734375
663,253.5,,102.44921875,-86.89134979248047
664,253.5,,34.58610916137695,-85.94572448730469
665,253.4,,48.801246643066406,-87.40151977539062
666,253.4,,60.14482498168945,-89.66816711425781
667,250.7,,64.07339477539062,-84.237548828125
668,253.5,,71.75688171386719,-91.27192687988281
669,253.4,,94.9138412475586,-89.06134033203125
670,253.5,,94.9138412475586,-89.06134033203125
671,253.7,,105.4782943725586,-89.7459487915039
672,253.2,,74.94009399414062,-94.73416137695312
673,253.5,,57.942787170410156,-95.60791015625
674,253.4,,44.73206329345703,-87.38064575195312
675,250.29999999999998,,49.423736572265625,-92.6755599975586
676,253.4,,49.97692108154297,-95.77644348144531
677,253.3,,47.77446365356445,-83.70722961425781
678,253.2,,59.75654602050781,-90.7701416015625
679,253.4,,81.88914489746094,-94.15469360351562
680,253.1,,81.88914489746094,-94.15469360351562
681,253.3,,22.924209594726562,-88.46952056884766
682,253.5,,77.08995819091797,-89.20323181152344
683,250.2,,31.376293182373047,-91.42811584472656
684,253.3,,61.914276123046875,-94.27195739746094
685,253.3,,50.16650390625,-88.33753967285156
686,253.3,,64.48336029052734,-91.32492065429688
687,250.2,,34.77818298339844,-96.20735931396484
688,253.1,,48.137596130371094,-86.3091812133789
689,253.3,,58.646663665771484,-89.08075714111328
690,253.6,,58.646663665771484,-89.08075714111328
691,253.5,,54.16560745239258,-97.00320434570312
692,253.5,,31.670963287353516,-86.62960815429688
693,253.2,,56.42750930786133,-89.24226379394531
694,253.5,,54.69184494018555,-88.54241943359375
695,253.4,,39.552940368652344,-88.45771789550781
696,253.5,,73.32228088378906,-97.92097473144531
697,253.6,,54.585899353027344,-97.09295654296875
698,253.3,,70.27981567382812,-90.37218475341797
699,253.7,,56.004188537597656,-90.55738067626953
700,253.3,,56.004188537597656,-90.55738067626953
701,253.6,,75.74468994140625,-90.84574890136719
702,253.3,,45.558082580566406,-91.31446838378906
703,253.4,,80.37901306152344,-96.20132446289062
704,253.2,,58.29171371459961,-93.19587707519531
705,253.4,,76.51121520996094,-88.11018371582031
706,253.3,,63.668670654296875,-94.3084716796875
707,253.7,,34.58665084838867,-91.47335815429688
708,253.5,,43.21678161621094,-97.48579406738281
709,253.7,,75.3057861328125,-95.29931640625
710,253.5,,75.3057861328125,-95.29931640625
711,253.6,,49.195411682128906,-93.41460418701172
712,253.7,,37.419342041015625,-98.17156219482422
713,253.2,,57.69157409667969,-92.43867492675781
714,253.5,,63.951568603515625,-96.90580749511719
715,253.2,,52.15009307861328,-90.19874572753906
716,253.1,,37.37870788574219,-94.70390319824219
717,253.6,,41.198028564453125,-91.09347534179688
718,253.2,,55.997413635253906,-88.83523559570312
719,253.5,,43.75193786621094,-91.95591735839844
720,253.3,,43.75193786621094,-91.95591735839844
721,253.5,,70.78146362304688,-95.72071838378906
722,253.3,,39.580543518066406,-91.94001770019531
723,253.5,,44.76409912109375,-94.07881164550781
724,253.5,,58.62007522583008,-97.20745849609375
725,253.3,,45.78276443481445,-85.63504791259766
726,253.4,,51.832645416259766,-96.86420440673828
727,253.4,,69.84590148925781,-92.89453887939453
728,253.4,,65.78180694580078,-93.58815002441406
729,253.4,,56.792301177978516,-92.47496795654297
730,249.7,,56.792301177978516,-92.47496795654297
731,253.3,,45.512351989746094,-90.25347900390625
732,253.4,,48.576210021972656,-92.3267593383789
733,253.7,,57.491737365722656,-95.74173736572266
734,253.6,,35.81571960449219,-100.78703308105469
735,253.4,,39.941192626953125,-95.03837585449219
736,253.4,,52.69841003417969,-99.3215560913086
737,253.5,,42.78229522705078,-93.03945922851562
738,253.4,,69.26353454589844,-102.17927551269531
739,253.5,,51.59370422363281,-97.51557922363281
740,253.7,,51.59370422363281,-97.51557922363281
741,253.5,,35.81173324584961,-94.82754516601562
742,253.4,,57.42188262939453,-93.36351013183594
743,253.2,,33.30030059814453,-94.44725036621094
744,253.6,,42.55628967285156,-105.2416763305664
745,253.3,,40.9935417175293,-97.18354797363281
746,253.4,,55.7954216003418,-98.83229064941406
747,249.9,,137.39683532714844,-96.10693359375
748,-2.8000000000000114,,31.314027786254883,-100.43334197998047
749,253.5,,41.07069778442383,-96.61502838134766
750,253.5,,41.07069778442383,-96.61502838134766
751,253.3,,35.879425048828125,-97.63922119140625
752,253.8,,27.476795196533203,-100.10868835449219
753,253.5,,37.113372802734375,-105.9238510131836
754,253.5,,44.494224548339844,-98.58598327636719
755,253.4,,173.2973175048828,-95.11360168457031
756,253.6,,118.54145050048828,-94.16246795654297
757,250.2,,106.41532135009766,-98.37963104248047
758,253.5,,121.03681945800781,-97.15593719482422
759,253.4,,38.383262634277344,-103.13925170898438
760,253.4,,38.383262634277344,-103.13925170898438
761,253.3,,42.45246505737305,-100.94843292236328
762,253.5,,68.96769714355469,-102.94549560546875
763,250.1,,51.75415802001953,-103.40585327148438
764,253.2,,27.05199432373047,-107.80203247070312
765,253.5,,74.81378173828125,-96.2353515625
766,253.4,,47.86043930053711,-99.53631591796875
767,253.5,,35.41310501098633,-99.09002685546875
768,253.2,,36.760032653808594,-97.7419204711914
769,253.4,,99.4552993774414,-105.13960266113281
770,253.5,,99.4552993774414,-105.13960266113281
771,253.2,,46.42721939086914,-99.70527648925781
772,253.3,,45.14979553222656,-102.03678894042969
773,253.4,,39.590431213378906,-104.41230773925781
774,253.5,,54.56151580810547,-104.71893310546875
775,253.5,,27.358137130737305,-98.005126953125
776,249.7,,39.56427764892578,-108.51058959960938
777,250.9,,42.705196380615234,-100.48968505859375
778,253.4,,35.98572540283203,-103.98828887939453
779,253.4,,40.382110595703125,-98.39310455322266
780,253.4,,40.382110595703125,-98.39310455322266
781,253.5,,44.678123474121094,-103.20050048828125
782,253.5,,38.721065521240234,-96.21652221679688
783,253.3,,42.41388702392578,-101.52838134765625
784,253.4,,19.47213363647461,-98.78845977783203
785,253.2,,27.56243324279785,-101.18558502197266
786,253.4,,31.159223556518555,-100.35299682617188
787,253.6,,30.278114318847656,-99.04505920410156
788,253.4,,40.725833892822266,-100.59724426269531
789,253.3,,28.043270111083984,-102.63243103027344
790,253.5,,28.043270111083984,-102.63243103027344
791,253.8,,30.13829231262207,-101.59335327148438
792,253.3,,42.0912971496582,-100.35919189453125
793,253.1,,31.71080207824707,-96.79298400878906
794,253.5,,34.64104080200195,-103.71343231201172
795,250.1,,49.88156509399414,-107.92739868164062
796,253.4,,38.0774040222168,-107.90774536132812
797,253.3,,25.875240325927734,-105.14103698730469
798,253.5,,54.9842414855957,-111.09768676757812
799,253.3,,35.59996795654297,-107.188232421875
800,253.2,,35.59996795654297,-107.188232421875
801,253.3,,33.46039962768555,-96.88357543945312
802,253.3,,26.022008895874023,-104.0509033203125
803,253.4,,33.90943908691406,-108.27740478515625
804,253.2,,39.94759750366211,-100.67772674560547
805,253.3,,31.440738677978516,-107.31494140625
806,250.4,,24.541749954223633,-102.8395004272461
807,253.2,,32.19388961791992,-101.56121826171875
808,253.5,,28.043277740478516,-103.6043930053711
809,253.2,,25.81103515625,-106.03935241699219
810,253.4,,25.81103515625,-106.03935241699219
811,253.6,,20.715179443359375,-109.994873046875
812,249.6,,20.686227798461914,-113.19841003417969
813,253.6,,30.373525619506836,-103.29950714111328
814,253.5,,31.890869140625,-104.72795104980469
815,253.3,,44.32609558105469,-104.90049743652344
816,253.2,,40.88793182373047,-99.06597900390625
817,253.5,,25.029674530029297,-106.26425170898438
818,253.4,,33.75385284423828,-105.67610931396484
819,253.3,,37.25792694091797,-113.27752685546875
820,253.2,,37.25792694091797,-113.27752685546875
821,253.4,,24.30447006225586,-106.07678985595703
822,253.3,,30.806968688964844,-110.95563507080078
823,253.6,,20.63742446899414,-98.65900421142578
824,-3.600000000000012,,23.082489013671875,-107.48161315917969
825,253.7,,32.34170150756836,-103.92798614501953
826,-4.600000000000014,,29.671527862548828,-106.40144348144531
827,-5.900000000000015,,19.201337814331055,-107.71142578125
828,-5.100000000000012,,22.43800926208496,-109.18034362792969
829,-5.300000000000013,,29.903366088867188,-106.03565979003906
830,-7.400000000000009,,29.903366088867188,-106.03565979003906
831,-5.500000000000011,,24.346370697021484,-97.95691680908203
832,-6.100000000000012,,41.37954330444336,-100.04965209960938
833,-5.500000000000014,,25.673498153686523,-103.43760681152344
834,-6.100000000000012,,21.64952278137207,-105.36612701416016
835,-4.900000000000011,,19.928375244140625,-100.28618621826172
836,-6.10000000000001,,20.993934631347656,-106.09080505371094
837,-6.000000000000011,,16.07357406616211,-104.53353881835938
838,-6.20000000000001,,13.522592544555664,-104.5815658569336
839,-6.70000000000001,,70.8289794921875,-96.30201721191406
840,-8.200000000000006,,70.8289794921875,-96.30201721191406
841,-6.600000000000012,,96.92264556884766,-93.98493194580078
842,-6.70000000000001,,55.3277587890625,-90.31535339355469
843,-5.300000000000013,,16.262359619140625,-94.90760803222656
844,-6.000000000000011,,30.54142189025879,-91.37665557861328
845,-4.900000000000011,,34.180450439453125,-94.26353454589844
846,-5.400000000000015,,24.99386215209961,-91.8579330444336
847,-4.800000000000014,,18.20883560180664,-98.27436828613281
848,-4.500000000000014,,16.28424072265625,-95.03280639648438
849,-4.300000000000015,,81.68102264404297,-90.53144073486328
850,-6.9000000000000075,,81.68102264404297,-90.53144073486328
851,-5.300000000000013,,24.834545135498047,-88.14936065673828
852,-5.100000000000014,,24.304780960083008,-86.80235290527344
853,-4.2000000000000135,,24.850500106811523,-85.42908477783203
854,-5.200000000000012,,28.647205352783203,-80.23383331298828
855,-3.9000000000000123,,29.5448055267334,-86.9927978515625
856,250.5,,26.602760314941406,-84.9512939453125
857,249.6,,28.217220306396484,-87.2591552734375
858,253.5,,32.234840393066406,-87.10771179199219
859,248.9,,18.179773330688477,-90.23478698730469
860,249.2,,18.179773330688477,-90.23478698730469
861,253.5,,30.980268478393555,-81.19711303710938
862,249.7,,36.801361083984375,-83.3553466796875
863,249.4,,29.33658218383789,-82.16586303710938
864,249.6,,24.50525665283203,-81.8321533203125
865,253.0,,74.00777435302734,-85.76974487304688
866,253.0,,31.237394332885742,-82.87864685058594
867,245.99999999999997,,69.38668060302734,-81.205322265625
868,253.3,,30.194503784179688,-80.77970886230469
869,253.2,,88.34417724609375,-86.0155029296875
870,249.6,,88.34417724609375,-86.0155029296875
871,253.4,,114.32050323486328,-78.69236755371094
872,253.5,,22.424625396728516,-80.23359680175781
873,253.0,,77.84237670898438,-78.62861633300781
874,249.6,,44.217681884765625,-80.71563720703125
875,253.3,,56.61876678466797,-84.18476867675781
876,253.4,,34.76276397705078,-76.45274353027344
877,253.4,,36.56429672241211,-76.37238311767578
878,253.1,,29.710716247558594,-81.76896667480469
879,253.3,,30.218090057373047,-72.5820541381836
880,253.3,,30.218090057373047,-72.5820541381836
881,253.1,,51.355953216552734,-80.94588470458984
882,253.7,,33.65666198730469,-80.62853240966797
883,253.5,,36.4788932800293,-79.78191375732422
884,253.2,,27.709842681884766,-78.02874755859375
885,253.8,,45.24640655517578,-82.33203887939453
886,253.2,,30.602882385253906,-78.3603286743164
887,253.3,,98.49222564697266,-77.74137878417969
888,-4.200000000000015,,66.9974365234375,-78.699951171875
889,249.0,,51.201133728027344,-80.58307647705078
890,-6.200000000000008,,51.201133728027344,-80.58307647705078
891,253.5,,40.9431037902832,-72.44892883300781
892,253.3,,25.83271026611328,-76.27622985839844
893,253.5,,27.949665069580078,-77.30577087402344
894,-5.400000000000015,,33.18840026855469,-81.24713134765625
895,253.5,,39.10591506958008,-76.37380981445312
896,253.4,,89.78961181640625,-77.5150146484375
897,253.5,,16.362539291381836,-78.66908264160156
898,253.3,,141.31436157226562,-78.47421264648438
899,253.6,,30.54907989501953,-81.13557434082031
900,253.3,,30.54907989501953,-81.13557434082031
901,253.4,,82.48692321777344,-80.04466247558594
902,249.8,,64.59088897705078,-82.41864013671875
903,249.4,,26.36138916015625,-83.77133178710938
904,253.5,,32.38176727294922,-77.33375549316406
905,253.7,,36.54928970336914,-78.0643310546875
906,253.3,,35.818359375,-78.61856079101562
907,253.7,,81.98192596435547,-78.71572875976562
908,253.4,,35.23338317871094,-73.12157440185547
909,253.3,,28.439422607421875,-73.23954772949219
910,253.3,,28.439422607421875,-73.23954772949219
911,249.1,,71.82119750976562,-79.3056640625
912,253.3,,42.58478927612305,-77.099609375
913,253.7,,26.397924423217773,-74.44879150390625
914,253.3,,31.045392990112305,-74.45823669433594
915,253.8,,35.829307556152344,-77.43092346191406
916,253.6,,50.36825180053711,-82.20291137695312
917,253.6,,26.223045349121094,-71.6802978515625
918,253.6,,34.029998779296875,-73.49064636230469
919,253.5,,32.63981628417969,-81.07113647460938
920,253.3,,32.63981628417969,-81.07113647460938
921,253.8,,46.36736297607422,-78.9578628540039
922,253.6,,29.507543563842773,-79.70863342285156
923,253.3,,47.18745422363281,-76.52702331542969
924,249.1,,26.56467056274414,-79.74150085449219
925,250.2,,30.097091674804688,-73.29385375976562
926,253.7,,100.65533447265625,-75.35072326660156
927,253.5,,46.65168762207031,-74.2904281616211
928,253.9,,58.54417419433594,-75.11708068847656
929,253.8,,51.070281982421875,-80.1507339477539
930,253.1,,51.070281982421875,-80.1507339477539
931,254.0,,38.261253356933594,-80.38883972167969
932,253.5,,24.08668327331543,-80.44667053222656
933,253.2,,38.074371337890625,-80.98208618164062
934,249.79999999999998,,54.227882385253906,-74.2599868774414
935,249.3,,68.40728759765625,-77.31718444824219
936,253.8,,48.907142639160156,-75.45631408691406
937,254.2,,44.81426239013672,-82.81114959716797
938,253.7,,28.24845314025879,-80.0130844116211
939,253.4,,106.20365905761719,-79.7341079711914
940,253.7,,106.20365905761719,-79.7341079711914
941,253.7,,27.666847229003906,-75.90045166015625
942,253.8,,70.7981185913086,-75.5479736328125
943,253.4,,24.002687454223633,-76.23396301269531
944,253.4,,25.294017791748047,-76.23284912109375
945,253.7,,96.72454071044922,-74.15116882324219
946,253.4,,51.96673583984375,-76.91559600830078
947,249.1,,27.81002426147461,-77.95167541503906
948,253.4,,49.77600860595703,-78.66871643066406
949,253.8,,42.98872756958008,-72.98968505859375
950,253.7,,42.98872756958008,-72.98968505859375
951,253.9,,128.46229553222656,-75.927001953125
952,253.7,,27.041645050048828,-77.31950378417969
953,253.3,,52.21379089355469,-74.3227310180664
954,253.5,,118.44194793701172,-79.7372055053711
955,253.9,,34.0747184753418,-74.68310546875
956,253.5,,57.45215606689453,-77.8863525390625
957,-5.400000000000011,,72.64344787597656,-78.97337341308594
958,253.8,,19.62373924255371,-74.84580993652344
959,-4.700000000000012,,44.87126159667969,-71.46614837646484
960,-5.400000000000011,,44.87126159667969,-71.46614837646484
961,-4.600000000000012,,25.036935806274414,-69.85052490234375
962,-4.60000000000001,,19.784271240234375,-73.16365051269531
963,253.2,,32.255104064941406,-81.72039031982422
964,-4.700000000000012,,32.71190643310547,-72.33496856689453
965,249.7,,28.95052146911621,-73.68763732910156
966,249.5,,21.32672882080078,-66.40946197509766
967,253.5,,37.88882064819336,-74.2432632446289
968,253.7,,89.73358154296875,-74.87307739257812
969,253.3,,20.840900421142578,-75.84344482421875
970,250.1,,20.840900421142578,-75.84344482421875
971,-4.900000000000013,,97.97200012207031,-73.52373504638672
972,253.8,,21.32804298400879,-77.41917419433594
973,253.5,,23.349864959716797,-79.580322265625
974,253.8,,79.19325256347656,-79.98847961425781
975,253.5,,27.64948272705078,-77.22099304199219
976,253.5,,24.84558868408203,-80.67149353027344
977,248.6,,60.67324447631836,-78.34016418457031
978,253.5,,20.405517578125,-77.06676483154297
979,-5.400000000000013,,25.582590103149414,-78.39277648925781
980,-6.9000000000000075,,25.582590103149414,-78.39277648925781
981,-4.100000000000016,,74.76603698730469,-80.77657318115234
982,253.5,,25.912582397460938,-79.77944946289062
983,253.6,,24.459678649902344,-76.20481872558594
984,248.4,,122.169189453125,-76.327880859375
985,249.7,,21.13458251953125,-77.54356384277344
986,253.4,,61.609676361083984,-84.25580596923828
987,249.3,,47.10039138793945,-80.15476989746094
988,252.9,,70.55377960205078,-78.59459686279297
989,253.2,,20.651100158691406,-80.95021057128906
990,249.1,,20.651100158691406,-80.95021057128906
991,253.3,,192.8769989013672,-80.25614929199219
992,253.6,,91.22977447509766,-80.9588394165039
993,253.2,,67.78023529052734,-81.9921875
994,249.5,,94.84394073486328,-82.52191925048828
995,253.0,,32.543094635009766,-84.63456726074219
996,253.2,,26.484981536865234,-83.60087585449219
997,253.0,,44.32342529296875,-78.34927368164062
998,252.6,,80.07457733154297,-87.92665100097656
999,253.3,,71.4087142944336,-82.91851043701172
1000,253.4,,71.4087142944336,-82.91851043701172
