1001,250.89999999999998,,,
1002,253.0,,,
1003,253.0,,691.1439208984375,-88.22822570800781
1004,253.5,,100.40654754638672,-96.55711364746094
1005,-3.5000000000000138,,79.65130615234375,-77.93611145019531
1006,249.5,,41.59542465209961,-76.84989929199219
1007,253.1,,32.33594512939453,-78.97349548339844
1008,253.0,,32.79384994506836,-84.91105651855469
1009,252.9,,54.04460525512695,-84.40180969238281
1010,253.0,,54.04460525512695,-84.40180969238281
1011,253.1,,30.04269027709961,-85.78853607177734
1012,253.2,,22.42070770263672,-94.19981384277344
1013,253.2,,52.96690368652344,-94.68029022216797
1014,253.2,,18.1141357421875,-96.13064575195312
1015,-6.500000000000012,,81.0814208984375,-79.37576293945312
1016,-7.400000000000013,,38.79391098022461,-76.38589477539062
1017,-7.400000000000015,,18.98188591003418,-76.53723907470703
1018,-7.600000000000014,,33.549468994140625,-72.61528015136719
1019,-7.600000000000014,,25.670120239257812,-71.11011505126953
1020,-6.800000000000013,,25.670120239257812,-71.11011505126953
1021,-7.300000000000015,,26.334537506103516,-67.25508117675781
1022,-7.600000000000014,,21.95440673828125,-62.971134185791016
1023,-8.100000000000014,,35.59503173828125,-66.73139190673828
1024,-7.900000000000015,,12.087629318237305,-60.19043731689453
1025,-7.000000000000016,,37.572696685791016,-67.1777572631836
1026,-8.100000000000014,,125.70967102050781,-64.18384552001953
1027,244.49999999999997,,45.05354309082031,-61.04499053955078
1028,253.7,,49.90440368652344,-62.24869918823242
1029,253.7,,320.9071350097656,-64.92355346679688
1030,253.6,,320.9071350097656,-64.92355346679688
1031,253.6,,47.63136672973633,-61.704185485839844
1032,253.6,,90.20295715332031,-66.79824829101562
1033,250.1,,235.02496337890625,-61.81037139892578
1034,253.3,,144.5253143310547,-64.22274780273438
1035,253.4,,62.466896057128906,-64.53330993652344
1036,253.3,,95.3687744140625,-62.00960159301758
1037,253.4,,38.73854064941406,-64.47315979003906
1038,253.4,,99.4930191040039,-67.85577392578125
1039,253.8,,103.9166259765625,-66.92911529541016
1040,253.4,,103.9166259765625,-66.92911529541016
1041,250.4,,166.85665893554688,-65.0672378540039
1042,253.6,,299.14654541015625,-67.38841247558594
1043,253.4,,68.94613647460938,-64.91925048828125
1044,253.8,,54.48729705810547,-63.51683044433594
1045,253.6,,54.056663513183594,-64.52597045898438
1046,253.7,,39.24654769897461,-67.81797790527344
1047,253.9,,67.64429473876953,-69.35520935058594
1048,253.5,,538.768798828125,-72.03224182128906
1049,253.2,,118.34705352783203,-74.17822265625
1050,253.4,,118.34705352783203,-74.17822265625
1051,253.3,,159.68453979492188,-71.57298278808594
1052,253.7,,117.16624450683594,-76.58341217041016
1053,253.3,,70.43864440917969,-67.09703063964844
1054,253.5,,123.16692352294922,-70.54271697998047
1055,253.2,,176.17813110351562,-75.74068450927734
1056,253.3,,168.7390899658203,-75.91600036621094
1057,253.2,,56.99039840698242,-71.81993103027344
1058,253.4,,539.0269775390625,-74.69245910644531
1059,253.2,,46.676841735839844,-67.44481658935547
1060,253.2,,46.676841735839844,-67.44481658935547
1061,-4.500000000000014,,27.95511245727539,-63.458892822265625
1062,253.5,,272.4383544921875,-79.13845825195312
1063,253.4,,76.3487777709961,-75.52457427978516
1064,253.5,,56.331932067871094,-69.84577941894531
1065,253.3,,175.157958984375,-74.19013214111328
1066,253.5,,66.05694580078125,-74.52845764160156
1067,253.3,,161.75669860839844,-73.04317474365234
1068,253.3,,47.25689697265625,-78.70130157470703
1069,253.5,,215.63356018066406,-78.05911254882812
1070,250.0,,215.63356018066406,-78.05911254882812
1071,253.8,,109.14834594726562,-78.51124572753906
1072,253.6,,118.53433227539062,-81.52483367919922
1073,249.3,,73.15425109863281,-73.98130798339844
1074,253.4,,191.44662475585938,-74.4690170288086
1075,253.4,,73.15496826171875,-77.59309387207031
1076,253.3,,102.75982666015625,-80.88091278076172
1077,253.3,,66.0411376953125,-73.19510650634766
1078,253.3,,74.43895721435547,-77.06450653076172
1079,253.4,,44.12259292602539,-73.8626937866211
1080,253.4,,44.12259292602539,-73.8626937866211
1081,253.6,,335.803466796875,-78.92279052734375
1082,253.2,,53.880958557128906,-82.87098693847656
1083,-5.200000000000012,,1065.292236328125,-86.13194274902344
1084,253.4,,259.46783447265625,-83.79530334472656
1085,249.1,,46.85529327392578,-88.24481201171875
1086,253.5,,116.51882934570312,-80.7146224975586
1087,253.4,,85.31520080566406,-81.63837432861328
1088,253.3,,61.737552642822266,-87.25723266601562
1089,253.5,,100.45074462890625,-84.52147674560547
1090,253.2,,100.45074462890625,-84.52147674560547
1091,253.5,,212.13925170898438,-82.81196594238281
1092,253.2,,123.86174011230469,-76.71636199951172
1093,253.3,,171.686767578125,-82.06632995605469
1094,253.3,,267.88250732421875,-93.10334777832031
1095,253.5,,111.59748077392578,-94.1506576538086
1096,253.4,,341.0236511230469,-90.5165023803711
1097,253.5,,140.08074951171875,-89.4286117553711
1098,253.4,,192.54396057128906,-92.37109375
1099,253.4,,122.46025848388672,-86.66172790527344
1100,253.4,,122.46025848388672,-86.66172790527344
1101,253.4,,315.8691711425781,-91.74266815185547
1102,253.4,,126.95259094238281,-80.890625
1103,253.3,,103.82582092285156,-87.88548278808594
1104,253.3,,89.341064453125,-84.25888061523438
1105,253.4,,207.15020751953125,-84.61119842529297
1106,253.2,,200.52304077148438,-86.1298828125
1107,253.2,,222.22833251953125,-88.14417266845703
1108,253.6,,121.77278900146484,-87.574462890625
1109,253.5,,233.18072509765625,-83.88178253173828
1110,250.39999999999998,,233.18072509765625,-83.88178253173828
1111,253.5,,65.42424011230469,-86.15650939941406
1112,253.5,,206.3574676513672,-89.85052490234375
1113,253.5,,285.58807373046875,-104.60377502441406
1114,253.4,,220.0102996826172,-81.60533905029297
1115,253.2,,64.3558120727539,-88.53880310058594
1116,253.2,,259.89093017578125,-82.16412353515625
1117,253.2,,678.1849365234375,-92.72301483154297
1118,253.3,,107.85018920898438,-89.19976043701172
1119,253.4,,1064.685302734375,-91.74322509765625
1120,253.2,,1064.685302734375,-91.74322509765625
1121,253.5,,141.47860717773438,-83.51075744628906
1122,253.4,,90.8218994140625,-86.75022888183594
1123,253.3,,287.6303405761719,-91.31301879882812
1124,249.79999999999998,,297.8408508300781,-97.28141784667969
1125,249.4,,257.9992980957031,-90.13031005859375
1126,253.3,,148.30670166015625,-89.56756591796875
1127,253.5,,149.4151153564453,-92.5420150756836
1128,-5.80000000000001,,365.920166015625,-93.000244140625
1129,-5.600000000000012,,391.96990966796875,-105.11966705322266
1130,-5.700000000000008,,391.96990966796875,-105.11966705322266
1131,-5.500000000000011,,351.5303955078125,-105.70665740966797
1132,-6.20000000000001,,620.722900390625,-112.30337524414062
1133,-6.500000000000011,,2528.046142578125,-104.0232925415039
1134,253.2,,240.3193359375,-99.01998901367188
1135,250.0,,903.4755859375,-95.3406982421875
1136,250.5,,1193.005859375,-111.73072814941406
1137,253.2,,212.88034057617188,-105.56918334960938
1138,249.5,,2447.83251953125,-101.60592651367188
1139,249.29999999999998,,3540.007080078125,-103.47874450683594
1140,253.2,,3540.007080078125,-103.47874450683594
1141,253.3,,244.5753936767578,-102.94029998779297
1142,249.5,,1008.7012939453125,-121.35812377929688
1143,249.79999999999998,,780.1723022460938,-102.31082153320312
1144,-4.300000000000013,,893.4909057617188,-106.91658020019531
1145,253.5,,2218.229736328125,-106.9290771484375
1146,253.5,,1620.686767578125,-102.9525146484375
1147,253.6,,9422.37890625,-107.55856323242188
1148,250.0,,1340.109375,-102.87804412841797
1149,253.4,,719.1234130859375,-122.033203125
1150,253.2,,719.1234130859375,-122.033203125
1151,-4.500000000000015,,2622.07763671875,-108.56603240966797
1152,-4.300000000000011,,427.78558349609375,-111.47982788085938
1153,-4.100000000000015,,237.6711883544922,-110.63384246826172
1154,-5.3000000000000105,,645.5679321289062,-119.95950317382812
1155,-5.400000000000011,,526.6094360351562,-101.79573059082031
1156,-6.10000000000001,,5335.99267578125,-117.2887954711914
1157,-5.600000000000012,,2188.3662109375,-116.24974822998047
1158,-4.700000000000012,,3058.373291015625,-121.06048583984375
1159,250.2,,659.65576171875,-118.29390716552734
1160,-5.700000000000008,,659.65576171875,-118.29390716552734
1161,-3.50000000000001,,3691.201416015625,-111.71973419189453
1162,253.0,,317.37615966796875,-109.39712524414062
1163,253.4,,616.2122802734375,-126.81207275390625
1164,-5.300000000000013,,924.47900390625,-105.73853302001953
1165,-5.400000000000011,,1506.1995849609375,-114.62893676757812
1166,-5.800000000000011,,380.8392639160156,-128.28335571289062
1167,-5.000000000000014,,749.9054565429688,-116.1579818725586
1168,-5.100000000000012,,698.3154296875,-123.36632537841797
1169,-5.10000000000001,,857.6144409179688,-125.91068267822266
1170,-7.000000000000005,,857.6144409179688,-125.91068267822266
1171,-6.500000000000012,,295.49298095703125,-122.61546325683594
1172,-5.70000000000001,,1464.7406005859375,-126.674560546875
1173,-6.500000000000011,,240.90040588378906,-126.89848327636719
1174,-5.0000000000000115,,1354.000732421875,-144.82412719726562
1175,-5.80000000000001,,235.06640625,-123.35480499267578
1176,-6.20000000000001,,1730.9613037109375,-146.17172241210938
1177,-5.7000000000000135,,408.5225830078125,-134.21954345703125
1178,-4.300000000000013,,1986.28173828125,-137.91937255859375
1179,-6.100000000000012,,1140.5655517578125,-126.7068862915039
1180,-6.400000000000006,,1140.5655517578125,-126.7068862915039
1181,-4.90000000000001,,2462.912109375,-152.82594299316406
1182,-6.000000000000012,,465.2494201660156,-147.4891815185547
1183,-5.0000000000000115,,904.6380004882812,-141.37120056152344
1184,-5.600000000000009,,1632.79345703125,-147.65731811523438
1185,-5.000000000000012,,1412.840087890625,-146.84271240234375
1186,1.299999999999989,,1050.3941650390625,-137.42205810546875
1187,-4.900000000000012,,237.31988525390625,-133.5221405029297
1188,-5.200000000000012,,801.2557373046875,-138.55172729492188
1189,-5.800000000000011,,1277.850830078125,-137.24935913085938
1190,-4.8000000000000105,,1277.850830078125,-137.24935913085938
1191,-5.200000000000012,,238.48435974121094,-146.19485473632812
1192,-4.500000000000011,,277.3168029785156,-135.63424682617188
1193,-4.300000000000012,,265.17401123046875,-129.088134765625
1194,-5.000000000000012,,895.8482055664062,-136.45301818847656
1195,-4.800000000000014,,917.97119140625,-129.37484741210938
1196,-3.600000000000012,,194.4620361328125,-128.24114990234375
1197,-4.300000000000013,,1418.330810546875,-126.13941955566406
1198,-3.40000000000001,,215.5501708984375,-143.7952423095703
1199,253.4,,1553.671630859375,-151.95083618164062
1200,-5.500000000000006,,1553.671630859375,-151.95083618164062
1201,251.39999999999998,,429.7250061035156,-131.5286865234375
1202,253.4,,248.06263732910156,-137.4341583251953
1203,253.5,,248.373046875,-139.4916534423828
1204,253.3,,261.68731689453125,-140.37448120117188
1205,253.4,,1518.763427734375,-132.378662109375
1206,253.3,,869.9064331054688,-145.58065795898438
1207,253.5,,2595.16357421875,-146.83920288085938
1208,253.4,,667.709716796875,-130.885009765625
1209,253.3,,390.24517822265625,-138.12234497070312
1210,253.6,,390.24517822265625,-138.12234497070312
1211,253.5,,343.13568115234375,-146.3408203125
1212,253.4,,312.42388916015625,-132.30776977539062
1213,253.6,,712.3529052734375,-133.43441772460938
1214,253.2,,885.1519775390625,-138.6177978515625
1215,253.2,,493.21636962890625,-134.813720703125
1216,253.4,,701.6170043945312,-120.87215423583984
1217,253.3,,439.72998046875,-144.62225341796875
1218,253.4,,503.4508056640625,-124.85855102539062
1219,253.4,,889.0658569335938,-151.8189239501953
1220,253.5,,889.0658569335938,-151.8189239501953
1221,253.5,,2830.7333984375,-136.95535278320312
1222,-5.400000000000011,,519.163818359375,-120.12317657470703
1223,250.89999999999998,,647.2719116210938,-136.3297576904297
1224,253.4,,898.70654296875,-133.72216796875
1225,253.4,,196.45919799804688,-128.18299865722656
1226,252.9,,591.1055908203125,-138.80191040039062
1227,-3.000000000000009,,847.437255859375,-141.60006713867188
1228,253.3,,764.9158935546875,-133.73785400390625
1229,253.4,,1531.3658447265625,-145.2522430419922
1230,253.4,,1531.3658447265625,-145.2522430419922
1231,253.5,,223.87062072753906,-122.09848022460938
1232,253.5,,332.47119140625,-139.90586853027344
1233,253.6,,754.423583984375,-136.54470825195312
1234,253.5,,1253.2388916015625,-138.3341064453125
1235,253.3,,1330.7606201171875,-141.39979553222656
1236,253.5,,452.3186950683594,-126.82203674316406
1237,253.5,,549.65234375,-145.36956787109375
1238,253.5,,1543.78857421875,-146.2672119140625
1239,253.6,,693.6390380859375,-132.90066528320312
1240,253.3,,693.6390380859375,-132.90066528320312
1241,253.6,,613.943115234375,-139.0218505859375
1242,253.5,,739.9462890625,-136.54986572265625
1243,253.6,,2257.0849609375,-148.43661499023438
1244,253.4,,50390.2109375,-137.87327575683594
1245,253.5,,1140.0501708984375,-146.76104736328125
1246,253.5,,529.0418701171875,-141.0508575439453
1247,253.3,,585.4888916015625,-139.84681701660156
1248,253.5,,829.1630249023438,-140.30679321289062
1249,253.6,,398.7270812988281,-146.2112274169922
1250,250.29999999999998,,398.7270812988281,-146.2112274169922
1251,253.9,,300.566650390625,-143.34539794921875
1252,253.5,,965.3717041015625,-131.13572692871094
1253,253.5,,1024.083251953125,-137.8695068359375
1254,253.4,,1036.2088623046875,-158.95199584960938
1255,253.4,,332.3802185058594,-140.59716796875
1256,253.6,,2215.488525390625,-126.14493560791016
1257,253.6,,607.8968505859375,-136.187255859375
1258,253.4,,1047.777099609375,-142.71002197265625
1259,253.6,,708.4173583984375,-153.55934143066406
1260,253.6,,708.4173583984375,-153.55934143066406
1261,253.6,,1655.5255126953125,-143.09042358398438
1262,253.6,,2132.97412109375,-152.63156127929688
1263,253.3,,517.8237915039062,-138.1658935546875
1264,253.5,,127.41596984863281,-140.11048889160156
1265,253.3,,142.5216064453125,-136.86764526367188
1266,253.4,,1045.475830078125,-134.45849609375
1267,253.3,,3731.21484375,-158.16839599609375
1268,253.5,,3800.21337890625,-143.51107788085938
1269,253.6,,355.42425537109375,-157.9234619140625
1270,253.4,,355.42425537109375,-157.9234619140625
1271,253.6,,569.3480834960938,-154.54193115234375
1272,253.6,,424.54150390625,-163.01280212402344
1273,253.3,,1859.826904296875,-161.72023010253906
1274,253.6,,2912.0458984375,-150.19630432128906
1275,253.4,,600.5177001953125,-147.22105407714844
1276,253.5,,829.7124633789062,-162.288818359375
1277,253.4,,1985.755126953125,-163.71255493164062
1278,253.6,,822.255126953125,-144.2982177734375
1279,253.5,,2420.576171875,-160.50003051757812
1280,253.4,,2420.576171875,-160.50003051757812
1281,253.5,,1170.262451171875,-157.72377014160156
1282,253.5,,814.4979248046875,-156.5299835205078
1283,253.3,,542.4400634765625,-162.8939208984375
1284,253.5,,449.489501953125,-162.14962768554688
1285,253.5,,729.0526733398438,-154.92901611328125
1286,253.5,,1320.9476318359375,-166.58413696289062
1287,253.5,,1808.61083984375,-163.7784423828125
1288,253.4,,1067.9659423828125,-171.6403350830078
1289,253.5,,1616.44970703125,-180.21026611328125
1290,253.5,,1616.44970703125,-180.21026611328125
1291,253.6,,2001.0582275390625,-173.16452026367188
1292,253.3,,318.98175048828125,-164.12899780273438
1293,253.4,,1298.9937744140625,-164.1068115234375
1294,253.6,,945.3488159179688,-166.79759216308594
1295,253.6,,183.89227294921875,-163.488037109375
1296,253.6,,722.0521240234375,-165.09103393554688
1297,253.6,,829.8201904296875,-177.80755615234375
1298,251.2,,10222.52734375,-207.11972045898438
1299,253.5,,4586.72705078125,-182.03262329101562
1300,253.4,,4586.72705078125,-182.03262329101562
1301,253.5,,2274.22314453125,-167.1317138671875
1302,253.6,,1919.0906982421875,-165.69375610351562
1303,253.3,,706.7217407226562,-186.61978149414062
1304,253.5,,2569.67919921875,-189.36801147460938
1305,253.7,,2944.2509765625,-177.95921325683594
1306,253.4,,3313.848876953125,-172.24005126953125
1307,253.5,,1812.447021484375,-178.03817749023438
1308,253.5,,2419.8759765625,-201.7509307861328
1309,253.4,,2826.549072265625,-197.5348663330078
1310,253.3,,2826.549072265625,-197.5348663330078
1311,253.6,,3039.49072265625,-192.57119750976562
1312,253.6,,612.859130859375,-190.6857147216797
1313,253.5,,2137.123046875,-179.82559204101562
1314,253.4,,1889.0755615234375,-190.9130859375
1315,253.4,,2262.807373046875,-203.28549194335938
1316,253.5,,13908.92578125,-194.08154296875
1317,253.5,,2805.297119140625,-193.82864379882812
1318,253.4,,3832.251953125,-210.26792907714844
1319,253.3,,2775.86279296875,-198.12684631347656
1320,253.5,,2775.86279296875,-198.12684631347656
1321,253.6,,2389.24609375,-195.20413208007812
1322,253.5,,6261.8203125,-233.8675537109375
1323,253.5,,2893.05615234375,-195.10580444335938
1324,253.2,,5168.69189453125,-228.8731689453125
1325,253.5,,6126.490234375,-218.2119140625
1326,253.5,,2479.189453125,-199.5419921875
1327,253.6,,1107.21533203125,-201.92294311523438
1328,253.7,,6291.80419921875,-198.09335327148438
1329,253.5,,4950.427734375,-240.4197540283203
1330,253.4,,4950.427734375,-240.4197540283203
1331,253.6,,3168.0849609375,-235.45077514648438
1332,253.3,,2677.464111328125,-210.701416015625
1333,-3.9000000000000123,,3526.183349609375,-195.5784454345703
1334,-3.400000000000011,,3262.22802734375,-221.61305236816406
1335,-4.300000000000011,,3672.342041015625,-220.58457946777344
1336,-3.300000000000009,,7375.361328125,-218.0115966796875
1337,253.3,,5493.65576171875,-191.6357879638672
1338,253.3,,5262.2900390625,-204.67037963867188
1339,253.6,,1139.576171875,-213.41818237304688
1340,253.4,,1139.576171875,-213.41818237304688
1341,253.4,,1932.133056640625,-210.21755981445312
1342,253.4,,1553.276611328125,-198.0887451171875
1343,253.5,,3925.50439453125,-191.07000732421875
1344,249.7,,4783.51416015625,-207.44009399414062
1345,253.4,,5964.7919921875,-192.7342529296875
1346,253.7,,975.8007202148438,-199.97439575195312
1347,253.4,,952.341552734375,-193.55874633789062
1348,253.4,,3593.09619140625,-197.48406982421875
1349,250.29999999999998,,2557.01708984375,-186.3194122314453
1350,253.5,,2557.01708984375,-186.3194122314453
1351,253.5,,1047.6201171875,-174.3978271484375
1352,253.6,,5049.53466796875,-168.18760681152344
1353,250.29999999999998,,487.56597900390625,-180.58139038085938
1354,253.5,,1949.724365234375,-193.12135314941406
1355,253.3,,884.1161499023438,-191.180419921875
1356,253.6,,732.042236328125,-196.1627197265625
1357,253.5,,2329.2890625,-175.57505798339844
1358,250.0,,1362.421142578125,-185.88992309570312
1359,253.5,,1346.254150390625,-198.8841552734375
1360,253.4,,1346.254150390625,-198.8841552734375
1361,253.4,,2575.690673828125,-177.898681640625
1362,249.79999999999998,,893.8057861328125,-169.34657287597656
1363,253.4,,525.407470703125,-178.1318817138672
1364,253.4,,1369.4393310546875,-185.19952392578125
1365,253.3,,880.0543823242188,-189.80621337890625
1366,253.5,,3269.126220703125,-189.72317504882812
1367,253.5,,1741.3609619140625,-182.19493103027344
1368,253.4,,807.4105224609375,-185.3629150390625
1369,253.7,,896.216064453125,-201.25741577148438
1370,253.5,,896.216064453125,-201.25741577148438
1371,253.5,,1539.8248291015625,-177.8539581298828
1372,253.5,,1391.6312255859375,-193.59413146972656
1373,253.4,,742.4625244140625,-189.46243286132812
1374,253.6,,668.2391967773438,-182.5860137939453
1375,253.4,,1623.446533203125,-190.87655639648438
1376,250.6,,2228.91943359375,-180.11849975585938
1377,253.4,,2618.23681640625,-168.038818359375
1378,253.5,,3114.862548828125,-201.46034240722656
1379,253.2,,781.8260498046875,-184.23550415039062
1380,253.6,,781.8260498046875,-184.23550415039062
1381,253.5,,467.45037841796875,-185.53009033203125
1382,253.1,,1798.9637451171875,-183.1687469482422
1383,253.4,,583.1056518554688,-188.3546600341797
1384,253.5,,551.3275146484375,-189.3401641845703
1385,253.4,,2682.1689453125,-191.16378784179688
1386,253.5,,4280.22412109375,-197.5379638671875
1387,253.6,,3257.242919921875,-211.06553649902344
1388,253.2,,2207.4931640625,-205.77174377441406
1389,253.5,,1160.4439697265625,-198.29129028320312
1390,253.5,,1160.4439697265625,-198.29129028320312
1391,253.6,,518.3018798828125,-175.8336181640625
1392,253.5,,1333.72509765625,-192.8204345703125
1393,253.5,,1276.1005859375,-192.87353515625
1394,253.6,,520.352783203125,-194.81951904296875
1395,253.2,,879.6112670898438,-182.84617614746094
1396,253.4,,3286.33203125,-206.23348999023438
1397,253.5,,1762.7205810546875,-197.5992889404297
1398,253.3,,3052.03759765625,-201.94454956054688
1399,253.6,,1064.881591796875,-194.05349731445312
1400,253.4,,1064.881591796875,-194.05349731445312
1401,253.3,,528.55615234375,-170.76046752929688
1402,253.5,,798.095703125,-199.5865478515625
1403,251.1,,1033.741943359375,-177.07032775878906
1404,253.4,,2118.34033203125,-190.54579162597656
1405,253.5,,3191.533935546875,-183.1188201904297
1406,253.4,,3960.171142578125,-184.3990478515625
1407,253.4,,1915.638916015625,-168.51593017578125
1408,-4.000000000000012,,347.092041015625,-187.56088256835938
1409,253.5,,451.99969482421875,-183.48226928710938
1410,253.7,,451.99969482421875,-183.48226928710938
1411,253.5,,1136.966064453125,-186.12738037109375
1412,250.7,,688.995849609375,-183.21670532226562
1413,253.7,,1237.6563720703125,-183.99105834960938
1414,253.5,,493.0631103515625,-190.9579315185547
1415,253.3,,634.6024169921875,-179.9246826171875
1416,253.3,,1648.7366943359375,-201.24029541015625
1417,253.4,,327.8148193359375,-172.67259216308594
1418,253.2,,297.17919921875,-185.76377868652344
1419,253.6,,2670.7236328125,-195.89398193359375
1420,251.2,,2670.7236328125,-195.89398193359375
1421,253.5,,337.94964599609375,-192.73745727539062
1422,253.5,,413.99835205078125,-189.40789794921875
1423,253.4,,343.6651611328125,-204.15914916992188
1424,253.2,,2495.460205078125,-186.0699920654297
1425,-3.0000000000000115,,458.8468933105469,-173.21051025390625
1426,253.6,,808.4312133789062,-193.00442504882812
1427,253.6,,324.91839599609375,-197.2368621826172
1428,253.4,,3951.25732421875,-184.15359497070312
1429,250.2,,2186.6015625,-174.38539123535156
1430,253.4,,2186.6015625,-174.38539123535156
1431,253.4,,1462.7041015625,-162.92747497558594
1432,253.3,,207.099609375,-194.8428192138672
1433,253.3,,885.2568969726562,-181.8656005859375
1434,-3.900000000000014,,469.846923828125,-182.95359802246094
1435,254.0,,623.3915405273438,-172.5755157470703
1436,250.9,,375.2266845703125,-182.05685424804688
1437,-3.9000000000000106,,101.0025405883789,-173.6500244140625
1438,253.5,,1639.8150634765625,-175.95997619628906
1439,250.79999999999998,,1097.546142578125,-174.9552459716797
1440,253.4,,1097.546142578125,-174.9552459716797
1441,253.7,,320.025390625,-164.5674285888672
1442,250.29999999999998,,150.45770263671875,-183.22911071777344
1443,253.3,,170.35177612304688,-182.93858337402344
1444,253.5,,258.5628967285156,-168.68572998046875
1445,253.5,,179.58096313476562,-176.7774200439453
1446,253.6,,615.7706298828125,-179.00384521484375
1447,253.5,,1475.2484130859375,-180.31097412109375
1448,250.79999999999998,,817.935791015625,-190.22454833984375
1449,254.0,,412.33062744140625,-169.39987182617188
1450,-5.1000000000000085,,412.33062744140625,-169.39987182617188
1451,253.4,,643.423095703125,-175.82644653320312
1452,253.5,,1434.278076171875,-193.1287384033203
1453,253.3,,116.43316650390625,-166.15586853027344
1454,253.5,,283.954345703125,-170.27626037597656
1455,-4.000000000000012,,5352.65673828125,-177.98959350585938
1456,253.6,,296.18280029296875,-170.33424377441406
1457,253.4,,307.7287292480469,-164.7164764404297
1458,253.4,,809.0591430664062,-174.4247589111328
1459,253.6,,262.6825256347656,-164.93968200683594
1460,250.0,,262.6825256347656,-164.93968200683594
1461,-3.0000000000000115,,398.64837646484375,-172.6177215576172
1462,-3.700000000000014,,460.1453552246094,-170.58384704589844
1463,-3.6000000000000165,,375.1405944824219,-166.99246215820312
1464,253.6,,80.4617919921875,-164.8346710205078
1465,-4.0000000000000115,,171.5079345703125,-168.57785034179688
1466,-4.100000000000012,,147.52198791503906,-158.8885955810547
1467,249.4,,1416.562744140625,-162.02688598632812
1468,-3.9000000000000115,,871.8319702148438,-153.78884887695312
1469,253.2,,143.2950897216797,-165.33941650390625
1470,-4.800000000000009,,143.2950897216797,-165.33941650390625
1471,249.7,,98.91012573242188,-167.0701446533203
1472,-2.700000000000013,,97.50444793701172,-154.80242919921875
1473,-3.1000000000000107,,169.60403442382812,-155.08358764648438
1474,250.0,,74.52114868164062,-160.7690887451172
1475,253.3,,106.62265014648438,-161.13507080078125
1476,-3.3000000000000145,,99.13630676269531,-144.09310913085938
1477,250.2,,243.40493774414062,-147.9617919921875
1478,253.6,,59.94553756713867,-146.63177490234375
1479,253.6,,221.542724609375,-153.88116455078125
1480,253.6,,221.542724609375,-153.88116455078125
1481,250.4,,344.5758361816406,-149.35415649414062
1482,253.4,,1494.415771484375,-151.3460693359375
1483,253.3,,894.8577880859375,-157.47140502929688
1484,253.6,,991.2601928710938,-137.20269775390625
1485,253.2,,696.3230590820312,-157.6490478515625
1486,253.5,,128.45989990234375,-148.97024536132812
1487,253.6,,2339.656494140625,-142.8709716796875
1488,253.5,,102.59344482421875,-144.68971252441406
1489,253.4,,367.9076232910156,-144.63327026367188
1490,253.6,,367.9076232910156,-144.63327026367188
1491,250.79999999999998,,64.60746765136719,-142.16015625
1492,253.5,,165.32894897460938,-142.3271484375
1493,253.4,,127.14109802246094,-153.72061157226562
1494,253.8,,352.3140563964844,-136.66744995117188
1495,253.3,,147.6552276611328,-148.345947265625
1496,253.4,,186.03768920898438,-145.20835876464844
1497,250.4,,107.23477935791016,-134.9884490966797
1498,250.7,,63.627811431884766,-143.59925842285156
1499,249.79999999999998,,56.86638641357422,-145.27919006347656
1500,-4.800000000000009,,56.86638641357422,-145.27919006347656
1501,-3.4000000000000137,,124.08458709716797,-143.76788330078125
1502,253.3,,68.17918395996094,-138.20022583007812
1503,253.4,,61.040931701660156,-136.232177734375
1504,253.2,,67.32170104980469,-140.5100860595703
1505,-4.500000000000016,,96.22244262695312,-135.72923278808594
1506,-3.500000000000013,,121.74580383300781,-125.72029113769531
1507,253.5,,142.88906860351562,-125.73211669921875
1508,253.5,,117.27896118164062,-139.50100708007812
1509,-4.400000000000013,,57.19569396972656,-126.28451538085938
1510,253.7,,57.19569396972656,-126.28451538085938
1511,-5.7000000000000135,,61.667381286621094,-127.21023559570312
1512,249.29999999999998,,215.46656799316406,-128.49588012695312
1513,253.6,,188.6779022216797,-126.34611511230469
1514,253.5,,199.21435546875,-135.85635375976562
1515,253.3,,277.6783447265625,-133.38525390625
1516,253.5,,64.76400756835938,-134.53366088867188
1517,-4.100000000000015,,83.2685546875,-133.92532348632812
1518,249.7,,89.75767517089844,-125.8615493774414
1519,253.4,,319.93353271484375,-134.07298278808594
1520,-6.500000000000011,,319.93353271484375,-134.07298278808594
1521,-5.800000000000013,,51.90365219116211,-130.64846801757812
1522,-7.900000000000013,,57.06742858886719,-138.4688262939453
1523,-8.600000000000012,,1760.157958984375,-132.1068115234375
1524,-8.400000000000013,,98.92047882080078,-139.53204345703125
1525,-9.400000000000013,,396.9501953125,-135.82437133789062
1526,-8.600000000000012,,134.41067504882812,-132.6897735595703
1527,-8.500000000000012,,317.74310302734375,-124.86809539794922
1528,-8.000000000000012,,225.6628875732422,-116.62586975097656
1529,-8.300000000000013,,156.3961181640625,-137.34710693359375
1530,-8.700000000000012,,156.3961181640625,-137.34710693359375
1531,-7.7000000000000135,,202.92922973632812,-126.33794403076172
1532,-7.300000000000015,,196.6796875,-125.15350341796875
1533,-6.000000000000016,,175.63592529296875,-119.34675598144531
1534,-5.300000000000013,,450.19281005859375,-111.12577819824219
1535,-4.700000000000017,,513.8086547851562,-123.22918701171875
1536,-2.9000000000000115,,269.0117492675781,-121.24436950683594
1537,-3.6000000000000156,,475.1378479003906,-120.3597412109375
1538,-4.500000000000014,,317.8684387207031,-121.42694854736328
1539,-4.600000000000012,,1036.1650390625,-129.38446044921875
1540,-5.200000000000012,,1036.1650390625,-129.38446044921875
1541,-5.000000000000012,,1368.4935302734375,-122.9139175415039
1542,-4.400000000000011,,885.47021484375,-131.78150939941406
1543,-4.7000000000000135,,1192.1087646484375,-144.21038818359375
1544,253.2,,3847.872314453125,-133.23513793945312
1545,-4.5000000000000115,,1718.0689697265625,-150.466796875
1546,-4.200000000000012,,6617.94580078125,-153.65676879882812
1547,-4.100000000000015,,4010.037109375,-155.84353637695312
1548,-4.700000000000012,,3203.2236328125,-149.6146240234375
1549,-4.700000000000012,,665.7432250976562,-143.12313842773438
1550,-4.900000000000011,,665.7432250976562,-143.12313842773438
1551,253.3,,2304.05615234375,-175.65231323242188
1552,-3.800000000000013,,15218.28515625,-176.32763671875
1553,-4.900000000000012,,2230.1083984375,-171.2399444580078
1554,249.79999999999998,,3413.29931640625,-174.9534454345703
1555,-4.7000000000000135,,4949.6357421875,-175.08056640625
1556,-5.600000000000012,,3871.343994140625,-187.89697265625
1557,-5.00000000000001,,3342.8671875,-187.7667236328125
1558,-4.300000000000011,,6572.8076171875,-189.55966186523438
1559,-4.600000000000012,,3173.3701171875,-211.00120544433594
1560,-5.500000000000007,,3173.3701171875,-211.00120544433594
1561,-4.500000000000013,,2261.197265625,-201.86891174316406
1562,-4.7000000000000135,,5267.5166015625,-233.96835327148438
1563,-4.000000000000016,,7529.5283203125,-201.25140380859375
1564,-4.700000000000012,,4967.0556640625,-239.56588745117188
1565,-4.400000000000013,,2749.666259765625,-203.91555786132812
1566,-4.200000000000015,,1870.75390625,-204.5857696533203
1567,-4.700000000000014,,4407.88330078125,-208.65185546875
1568,-4.900000000000013,,1326.6611328125,-200.31932067871094
1569,-5.100000000000014,,3449.646728515625,-219.60598754882812
1570,-5.700000000000009,,3449.646728515625,-219.60598754882812
1571,-4.600000000000014,,2282.9365234375,-210.07009887695312
1572,-5.2000000000000135,,3657.12646484375,-195.4814453125
1573,-5.700000000000012,,1794.0816650390625,-198.71719360351562
1574,-5.700000000000012,,1971.526123046875,-196.1688232421875
1575,-5.800000000000011,,1019.0159912109375,-195.47438049316406
1576,-5.60000000000001,,953.6568603515625,-193.72885131835938
1577,-5.400000000000013,,525.086181640625,-192.10385131835938
1578,-5.400000000000011,,9605.4921875,-195.28915405273438
1579,-5.0000000000000115,,744.461181640625,-180.85321044921875
1580,-5.900000000000009,,744.461181640625,-180.85321044921875
1581,-5.000000000000012,,637.53955078125,-192.5889434814453
1582,-5.700000000000012,,1224.2156982421875,-194.3181610107422
1583,-5.500000000000012,,669.0756225585938,-178.0277099609375
1584,252.6,,593.141845703125,-192.61294555664062
1585,253.7,,996.9337158203125,-197.35739135742188
1586,-5.000000000000016,,3261.32568359375,-198.39649963378906
1587,-5.700000000000015,,1361.415283203125,-183.78872680664062
1588,-5.800000000000015,,3649.02587890625,-184.65960693359375
1589,253.5,,3770.4853515625,-198.13134765625
1590,-6.600000000000008,,3770.4853515625,-198.13134765625
1591,249.7,,6755.2548828125,-188.6885986328125
1592,253.2,,3188.7763671875,-178.43409729003906
1593,250.0,,2389.759033203125,-188.51614379882812
1594,250.1,,1170.93798828125,-175.6284637451172
1595,253.4,,791.823974609375,-178.25311279296875
1596,-4.2000000000000135,,794.127685546875,-190.16329956054688
1597,253.5,,2738.40185546875,-177.48681640625
1598,-3.600000000000012,,2399.077392578125,-171.50389099121094
1599,253.9,,7717.32421875,-179.29916381835938
1600,253.7,,7717.32421875,-179.29916381835938
1601,253.5,,2572.13232421875,-176.62783813476562
1602,-3.6000000000000103,,1648.728759765625,-166.90223693847656
1603,-3.1000000000000107,,837.3187255859375,-180.6658935546875
1604,253.9,,1182.287841796875,-190.9050750732422
1605,250.2,,709.1085205078125,-175.23135375976562
1606,-3.200000000000011,,2631.1708984375,-201.04299926757812
1607,-4.700000000000012,,1373.65673828125,-193.6920623779297
1608,-5.100000000000013,,2152.298583984375,-186.26947021484375
1609,-4.800000000000011,,1593.33447265625,-197.29457092285156
1610,-5.7000000000000055,,1593.33447265625,-197.29457092285156
1611,249.2,,757.9276123046875,-206.03170776367188
1612,-5.00000000000001,,5350.54638671875,-161.4943389892578
1613,-4.800000000000011,,706.5192260742188,-188.35324096679688
1614,-4.10000000000001,,826.1207275390625,-203.9355010986328
1615,-5.900000000000016,,4458.69580078125,-188.67593383789062
1616,-7.500000000000014,,3404.113525390625,-204.88821411132812
1617,-6.7000000000000135,,3993.85400390625,-186.05075073242188
1618,-6.800000000000015,,923.2239379882812,-177.83023071289062
1619,-5.600000000000014,,880.4971923828125,-187.25750732421875
1620,-7.500000000000011,,880.4971923828125,-187.25750732421875
1621,-6.100000000000014,,2320.517333984375,-197.78558349609375
1622,-5.100000000000012,,1108.9608154296875,-197.39747619628906
1623,-5.300000000000015,,502.9647216796875,-183.2406768798828
1624,-5.200000000000011,,4804.193359375,-179.2644805908203
1625,-5.900000000000013,,3252.232666015625,-166.64295959472656
1626,-5.7000000000000135,,662.1505126953125,-177.64599609375
1627,249.1,,1065.9300537109375,-179.90823364257812
1628,253.4,,3623.94287109375,-179.87135314941406
1629,-5.000000000000014,,705.510009765625,-197.78273010253906
1630,-6.100000000000007,,705.510009765625,-197.78273010253906
1631,-4.200000000000018,,619.6558837890625,-181.93240356445312
1632,253.8,,6465.447265625,-178.95755004882812
1633,-5.100000000000014,,514.3438110351562,-182.93150329589844
1634,-5.2000000000000135,,2657.390625,-183.83016967773438
1635,-4.400000000000013,,924.3991088867188,-168.15281677246094
1636,253.9,,1186.702392578125,-190.1939239501953
1637,250.0,,3235.18017578125,-184.17611694335938
1638,-3.800000000000014,,919.8427124023438,-193.20645141601562
1639,249.6,,4247.1591796875,-191.5523681640625
1640,250.1,,4247.1591796875,-191.5523681640625
1641,-3.300000000000011,,5631.57666015625,-190.01446533203125
1642,-4.600000000000014,,1601.166015625,-181.6609649658203
1643,249.79999999999998,,2592.376953125,-178.54559326171875
1644,250.6,,1072.06787109375,-174.28858947753906
1645,-3.8000000000000105,,1588.074951171875,-194.26829528808594
1646,-3.500000000000012,,2434.94580078125,-170.13833618164062
1647,249.1,,669.8515625,-180.23486328125
1648,253.4,,3262.2216796875,-184.29379272460938
1649,-5.000000000000014,,1657.976318359375,-183.31736755371094
1650,-6.200000000000005,,1657.976318359375,-183.31736755371094
1651,-4.800000000000011,,1339.73681640625,-178.49842834472656
1652,-4.900000000000015,,1240.973876953125,-171.23220825195312
1653,253.5,,3981.5947265625,-173.84283447265625
1654,-3.7000000000000104,,1159.82470703125,-167.0921630859375
1655,-3.600000000000014,,4901.94140625,-160.60366821289062
1656,253.4,,1302.67626953125,-168.4467315673828
1657,-4.100000000000012,,363.42742919921875,-169.87962341308594
1658,-4.400000000000015,,9449.8154296875,-174.84918212890625
1659,-3.6000000000000103,,2648.76220703125,-173.10446166992188
1660,-7.100000000000005,,2648.76220703125,-173.10446166992188
1661,253.5,,2750.74609375,-165.08645629882812
1662,250.79999999999998,,1950.385986328125,-183.23104858398438
1663,250.2,,6484.65673828125,-191.13677978515625
1664,253.3,,5306.55859375,-187.6890106201172
1665,-3.8000000000000114,,6087.32763671875,-174.63967895507812
1666,253.8,,3216.350341796875,-177.15866088867188
1667,-4.300000000000017,,571.0977172851562,-173.9097900390625
1668,-4.900000000000013,,702.0513916015625,-152.1959686279297
1669,-3.900000000000014,,1401.117431640625,-169.1989288330078
1670,-6.200000000000005,,1401.117431640625,-169.1989288330078
1671,250.1,,4531.736328125,-181.91943359375
1672,253.6,,3284.1416015625,-172.38385009765625
1673,253.4,,6593.81640625,-193.80645751953125
1674,253.7,,1616.4249267578125,-153.16395568847656
1675,253.6,,2581.6025390625,-170.84048461914062
1676,253.4,,588.1880493164062,-157.71621704101562
1677,-4.300000000000012,,352.48236083984375,-158.87564086914062
1678,253.4,,830.755615234375,-158.76165771484375
1679,253.6,,521.4563598632812,-160.66419982910156
1680,253.2,,521.4563598632812,-160.66419982910156
1681,253.3,,3408.734130859375,-176.6563720703125
1682,253.4,,652.7852783203125,-172.37196350097656
1683,253.6,,783.7060546875,-166.04396057128906
1684,253.2,,3462.253662109375,-167.65496826171875
1685,253.4,,5291.50390625,-169.98976135253906
1686,253.1,,1057.0638427734375,-186.82119750976562
1687,253.4,,2357.741455078125,-180.19537353515625
1688,253.2,,497.3877258300781,-183.0506134033203
1689,253.4,,935.4983520507812,-176.25689697265625
1690,253.4,,935.4983520507812,-176.25689697265625
1691,253.3,,816.87255859375,-163.06893920898438
1692,253.3,,839.996337890625,-167.92324829101562
1693,253.4,,1651.9427490234375,-165.4288330078125
1694,253.4,,1004.062744140625,-196.12088012695312
1695,253.3,,1380.5828857421875,-179.02955627441406
1696,-22.199999999999978,,1014.3966064453125,-191.27200317382812
1697,-12.200000000000015,,3088.650146484375,-188.73561096191406
1698,1.1999999999999973,,5832.31494140625,-206.81967163085938
1699,1.1999999999999973,,6264.93896484375,-186.8184814453125
1700,251.39999999999998,,6264.93896484375,-186.8184814453125
1701,253.3,,4467.60546875,-202.10882568359375
1702,-5.100000000000012,,7937.55859375,-203.68759155273438
1703,253.3,,11761.712890625,-207.2368927001953
1704,249.2,,11569.26953125,-207.66815185546875
1705,253.2,,1821.040771484375,-171.90289306640625
1706,253.2,,4288.34619140625,-198.06692504882812
1707,253.2,,4849.68115234375,-193.313720703125
1708,253.3,,2799.22119140625,-189.05392456054688
1709,253.3,,1119.8179931640625,-185.51885986328125
1710,249.6,,1119.8179931640625,-185.51885986328125
1711,-4.900000000000011,,3479.385986328125,-192.97830200195312
1712,253.5,,4471.232421875,-208.74420166015625
1713,249.7,,3152.528564453125,-199.116455078125
1714,253.3,,5772.3427734375,-217.94345092773438
1715,-4.400000000000013,,2890.60009765625,-222.39492797851562
1716,253.2,,2788.455078125,-205.61334228515625
1717,253.3,,2622.723388671875,-213.06277465820312
1718,253.1,,3079.22021484375,-218.16651916503906
1719,253.3,,1672.3133544921875,-213.45545959472656
1720,253.5,,1672.3133544921875,-213.45545959472656
1721,253.5,,3928.137939453125,-205.23397827148438
1722,253.4,,3844.3017578125,-225.35472106933594
1723,253.2,,2773.485595703125,-222.69346618652344
1724,249.5,,639.69189453125,-200.2093505859375
1725,253.3,,2167.2890625,-230.39105224609375
1726,253.2,,5427.373046875,-224.84869384765625
1727,253.3,,4251.6689453125,-216.26950073242188
1728,253.3,,2976.380859375,-205.81719970703125
1729,253.3,,3054.47607421875,-217.96200561523438
1730,253.3,,3054.47607421875,-217.96200561523438
1731,253.4,,2771.54345703125,-223.49496459960938
1732,253.1,,4725.666015625,-227.35218811035156
1733,253.6,,3419.9580078125,-233.86038208007812
1734,253.4,,1289.1064453125,-226.35317993164062
1735,253.4,,1502.574951171875,-201.86676025390625
1736,253.5,,1889.1290283203125,-202.49147033691406
1737,253.3,,3763.783203125,-232.8037872314453
1738,253.4,,997.98486328125,-218.26181030273438
1739,253.3,,2100.14990234375,-231.70352172851562
1740,253.2,,2100.14990234375,-231.70352172851562
1741,253.3,,1212.05517578125,-220.35191345214844
1742,253.4,,3984.5703125,-216.58663940429688
1743,253.5,,2564.97900390625,-216.13619995117188
1744,3.7999999999999963,,1407.299072265625,-220.35873413085938
1745,253.5,,2681.8759765625,-230.76174926757812
1746,253.2,,1539.15869140625,-224.43826293945312
1747,253.5,,2437.2607421875,-233.02685546875
1748,253.4,,5305.3349609375,-254.00550842285156
1749,253.3,,3026.75048828125,-247.16726684570312
1750,253.3,,3026.75048828125,-247.16726684570312
1751,253.3,,2317.22119140625,-248.86114501953125
1752,253.3,,3932.31005859375,-227.28665161132812
1753,253.5,,2812.228271484375,-247.04534912109375
1754,253.3,,1136.6173095703125,-239.6469268798828
1755,253.4,,1055.866943359375,-250.36293029785156
1756,253.3,,2608.97021484375,-257.06982421875
1757,253.6,,2649.531005859375,-245.12469482421875
1758,253.4,,922.51416015625,-250.92576599121094
1759,253.5,,2987.74951171875,-236.64718627929688
1760,253.4,,2987.74951171875,-236.64718627929688
1761,253.4,,4881.82421875,-259.2247314453125
1762,253.1,,4086.8388671875,-244.6978759765625
1763,253.4,,1633.0980224609375,-253.05252075195312
1764,253.8,,1394.0947265625,-233.8527069091797
1765,253.2,,2027.469482421875,-247.99867248535156
1766,-6.500000000000007,,1344.050537109375,-242.64166259765625
1767,253.5,,1537.0860595703125,-239.52699279785156
1768,253.3,,963.747314453125,-250.55238342285156
1769,249.0,,3141.986572265625,-249.06031799316406
1770,253.3,,3141.986572265625,-249.06031799316406
1771,253.3,,2350.247314453125,-256.17803955078125
1772,-4.800000000000013,,5190.8427734375,-261.6444091796875
1773,253.3,,6808.0595703125,-297.09619140625
1774,253.5,,1123.8775634765625,-261.5578308105469
1775,251.5,,4790.84765625,-284.3048095703125
1776,253.3,,1491.4622802734375,-262.3129577636719
1777,253.6,,5882.24609375,-278.386962890625
1778,253.2,,1447.0595703125,-280.102783203125
1779,253.7,,1687.8846435546875,-246.67677307128906
1780,252.9,,,
1781,252.7,,,
1782,253.3,,,
1783,253.2,,,
1784,254.0,,,
1785,5.899999999999962,,5093.62109375,-370.981689453125
1786,253.4,,6263.87158203125,-423.2321472167969
1787,252.9,,4236.376953125,-405.210693359375
1788,254.0,,92276.9921875,-430.09759521484375
1789,16.09999999999996,,2620.50830078125,-350.9444580078125
1790,-19.499999999999986,,2620.50830078125,-350.9444580078125
1791,-29.59999999999996,,2491.88720703125,-251.50442504882812
1792,261.0,,35101.328125,-249.02806091308594
1793,256.4,,3715.088134765625,-243.04220581054688
1794,260.5,,3555.1337890625,-291.1976623535156
1795,257.9,,6460.50927734375,-286.4908447265625
1796,258.3,,19607.455078125,-303.0072937011719
1797,14.799999999999963,,9679.0087890625,-294.0165710449219
1798,255.7,,5981.6103515625,-318.7658386230469
1799,259.59999999999997,,18912.40234375,-313.8338623046875
1800,260.9,,18912.40234375,-313.8338623046875
