1210,0,0,"[-14.0, 105.0]","[0.77912754, -0.72639996]"
1210,1,0,"[-14.0, 105.0]","[-1.0, -0.7202785]"
1210,2,0,"[-14.0, 105.0]","[-0.93658864, -0.68444043]"
1210,3,0,"[-14.0, 105.0]","[-0.9780208, -0.6877714]"
1210,4,0,"[-21.0, 112.0]","[-1.0, -0.85641354]"
1210,5,0,"[-21.0, 112.0]","[1.0, -0.86721617]"
1210,6,0,"[-21.0, 112.0]","[1.0, -1.0]"
1210,7,0.1,"[-10.0, 110.0]","[1.0, -1.0]"
1210,8,0,"[-10.0, 110.0]","[-0.76785785, -1.0]"
1210,9,0,"[-10.0, 110.0]","[-0.99484986, -1.0]"
1210,10,0,"[-10.0, 110.0]","[-0.8658772, -1.0]"
1210,11,0.1,"[-18.0, 106.0]","[-1.0, -1.0]"
1210,12,0,"[-18.0, 106.0]","[0.8354451, -0.8994666]"
1210,13,0,"[-18.0, 106.0]","[0.5161399, -1.0]"
1210,14,0.1,"[-12.0, 103.0]","[0.40981388, -1.0]"
1210,15,0,"[-12.0, 103.0]","[-1.0, -1.0]"
1210,16,0,"[-12.0, 103.0]","[-1.0, -1.0]"
1210,17,0.1,"[-14.0, 100.0]","[-1.0, -0.8516454]"
1210,18,0,"[-14.0, 100.0]","[-1.0, -0.924853]"
1210,19,0,"[-14.0, 100.0]","[-1.0, -1.0]"
1210,20,0,"[-14.0, 100.0]","[-0.833633, -1.0]"
1210,21,0.1,"[-20.0, 97.0]","[-0.8749835, -1.0]"
1210,22,0,"[-20.0, 97.0]","[1.0, -1.0]"
1210,23,0,"[-20.0, 97.0]","[1.0, -1.0]"
1210,24,0.1,"[-8.0, 94.0]","[1.0, -1.0]"
1210,25,0,"[-8.0, 94.0]","[-0.58029276, -0.80463225]"
1210,26,0,"[-8.0, 94.0]","[-0.49316636, -0.7452425]"
1210,27,0.1,"[-9.0, 92.0]","[-0.45629916, -0.6278997]"
1210,28,0,"[-9.0, 92.0]","[-0.27827424, -0.731516]"
1210,29,0,"[-9.0, 92.0]","[-0.42362282, -0.8221942]"
1210,30,0,"[-9.0, 92.0]","[-0.5764535, -0.97930825]"
1210,31,0.1,"[-17.0, 89.0]","[-0.9070283, -0.721009]"
1210,32,0,"[-17.0, 89.0]","[1.0, -0.7198266]"
1210,33,0,"[-17.0, 89.0]","[1.0, -0.7919332]"
1210,34,0.1,"[-6.0, 86.0]","[1.0, -0.94125915]"
1210,35,0,"[-6.0, 86.0]","[-1.0, -0.85844773]"
1210,36,0,"[-6.0, 86.0]","[-1.0, -1.0]"
1210,37,0.1,"[-5.0, 84.0]","[-1.0, -1.0]"
1210,38,0,"[-5.0, 84.0]","[-1.0, -1.0]"
1210,39,0,"[-5.0, 84.0]","[-1.0, -1.0]"
1210,40,0,"[-5.0, 84.0]","[-0.9792131, -1.0]"
1210,41,0.1,"[-13.0, 82.0]","[-1.0, -1.0]"
1210,42,0,"[-13.0, 82.0]","[1.0, -0.9859078]"
1210,43,0,"[-13.0, 82.0]","[-0.22904642, -0.76219046]"
1210,44,0.1,"[-4.0, 79.0]","[0.5846724, -0.78295195]"
1210,45,0,"[-4.0, 79.0]","[-1.0, -0.53396]"
1210,46,0,"[-4.0, 79.0]","[-1.0, -0.52784765]"
1210,47,0.1,"[-3.0, 76.0]","[-1.0, -0.5647776]"
1210,48,0,"[-3.0, 76.0]","[-1.0, -0.54262644]"
1210,49,0,"[-3.0, 76.0]","[-1.0, -0.55673176]"
1210,50,0.1,"[-7.0, 74.0]","[-1.0, -0.7096272]"
1210,51,0,"[-7.0, 74.0]","[-1.0, -0.7226898]"
1210,52,0,"[-7.0, 74.0]","[-1.0, -1.0]"
1210,53,0,"[-7.0, 74.0]","[-1.0, -1.0]"
1210,54,0.1,"[-5.0, 71.0]","[-1.0, -1.0]"
1210,55,0,"[-5.0, 71.0]","[-1.0, -1.0]"
1210,56,0,"[-5.0, 71.0]","[-1.0, -1.0]"
1210,57,0.1,"[-1.0, 69.0]","[-1.0, -1.0]"
1210,58,0,"[-1.0, 69.0]","[-1.0, -1.0]"
1210,59,0,"[-1.0, 69.0]","[-1.0, -1.0]"
1210,60,0.1,"[2.0, 66.0]","[-0.85001576, -1.0]"
1210,61,0,"[2.0, 66.0]","[-0.9147684, -1.0]"
1210,62,0,"[2.0, 66.0]","[-1.0, -1.0]"
1210,63,0.1,"[5.0, 63.0]","[-0.9846499, -1.0]"
1210,64,0,"[5.0, 63.0]","[-0.885584, -1.0]"
1210,65,0,"[5.0, 63.0]","[-0.94232845, -1.0]"
1210,66,0,"[5.0, 63.0]","[-1.0, -1.0]"
1210,67,0.1,"[8.0, 61.0]","[-0.9190831, -1.0]"
1210,68,0,"[8.0, 61.0]","[-0.9883915, -0.9229237]"
1210,69,0,"[8.0, 61.0]","[-0.94885725, -1.0]"
1210,70,0.1,"[11.0, 58.0]","[-1.0, -0.91052973]"
1210,71,0,"[11.0, 58.0]","[-1.0, -0.95355237]"
1210,72,0,"[11.0, 58.0]","[-1.0, -1.0]"
1210,73,0,"[11.0, 58.0]","[-1.0, -1.0]"
1210,74,0,"[29.0, 56.0]","[-0.72444385, -1.0]"
1210,75,0,"[29.0, 56.0]","[1.0, -0.82119066]"
1210,76,0,"[29.0, 56.0]","[1.0, -1.0]"
1210,77,0.1,"[23.0, 53.0]","[1.0, -1.0]"
1210,78,0,"[23.0, 53.0]","[-0.83840096, -1.0]"
1210,79,0,"[23.0, 53.0]","[1.0, -1.0]"
1210,80,0.1,"[27.0, 51.0]","[-0.65808344, -0.954669]"
1210,81,0,"[27.0, 51.0]","[1.0, -0.7832667]"
1210,82,0,"[27.0, 51.0]","[1.0, -0.94277376]"
1210,83,0.1,"[28.0, 48.0]","[1.0, -1.0]"
1210,84,0,"[28.0, 48.0]","[0.99416524, -1.0]"
1210,85,0,"[28.0, 48.0]","[0.93298376, -1.0]"
1210,86,0.1,"[30.0, 46.0]","[0.7955414, -0.832583]"
1210,87,0,"[30.0, 46.0]","[0.9054217, -0.5325259]"
1210,88,0,"[30.0, 46.0]","[0.808678, -0.65095073]"
1210,89,0,"[30.0, 46.0]","[0.8353989, -0.39933798]"
1210,90,0.1,"[26.0, 43.0]","[0.69886124, -0.8000132]"
1210,91,0,"[26.0, 43.0]","[0.67846656, -0.60753566]"
1210,92,0,"[26.0, 43.0]","[0.6285131, -0.510269]"
1210,93,0.1,"[22.0, 41.0]","[0.7090594, -0.63438845]"
1210,94,0,"[22.0, 41.0]","[0.6383899, -1.0]"
1210,95,0,"[22.0, 41.0]","[0.74616474, -1.0]"
1210,96,0.1,"[18.0, 38.0]","[0.7052437, -1.0]"
1210,97,0,"[18.0, 38.0]","[-0.93564177, -1.0]"
1210,98,0,"[18.0, 38.0]","[0.51184446, -1.0]"
1210,99,0,"[18.0, 38.0]","[-0.849515, -1.0]"
1210,100,0.1,"[8.0, 35.0]","[0.7542199, -1.0]"
1210,101,0,"[8.0, 35.0]","[-1.0, -0.9478308]"
1210,102,0,"[8.0, 35.0]","[-0.66672164, -1.0]"
1210,103,0.1,"[2.0, 33.0]","[-0.5469059, -1.0]"
1210,104,0,"[2.0, 33.0]","[-0.5713757, -1.0]"
1210,105,0,"[2.0, 33.0]","[-0.89176077, -1.0]"
1210,106,0.1,"[13.0, 30.0]","[-0.74444324, -1.0]"
1210,107,0,"[13.0, 30.0]","[-0.82574886, -1.0]"
1210,108,0,"[13.0, 30.0]","[-0.8280522, -1.0]"
1210,109,0,"[13.0, 30.0]","[-0.9055294, -0.8874456]"
1210,110,0.1,"[0.0, 28.0]","[-0.8756165, -0.8363544]"
1210,111,0,"[0.0, 28.0]","[-1.0, -0.7602792]"
1210,112,0,"[0.0, 28.0]","[-0.98232746, -0.7609552]"
1210,113,0,"[21.0, 25.0]","[-1.0, -0.6334346]"
1210,114,0,"[21.0, 25.0]","[0.60284466, -0.8325508]"
1210,115,0,"[21.0, 25.0]","[0.70756906, -1.0]"
1210,116,0.1,"[21.0, 23.0]","[0.6617506, -0.8860004]"
1210,117,0,"[21.0, 23.0]","[0.6661676, -0.8862801]"
1210,118,0,"[21.0, 23.0]","[0.991588, -0.8063851]"
1210,119,0,"[45.0, 20.0]","[0.97550726, -0.4949834]"
1210,120,0,"[45.0, 20.0]","[0.9475707, -0.8194313]"
1210,121,0,"[45.0, 20.0]","[0.74364376, -0.9559181]"
1210,122,0,"[45.0, 20.0]","[0.5613845, -0.8735168]"
1210,123,0.1,"[25.0, 17.0]","[0.395997, -0.68598294]"
1210,124,0,"[25.0, 17.0]","[0.39310634, -0.96858996]"
1210,125,0,"[25.0, 17.0]","[0.24018052, -0.89306533]"
1210,126,0,"[36.0, 15.0]","[0.379784, -0.67763615]"
1210,127,0,"[36.0, 15.0]","[0.25058833, -0.70485324]"
1210,128,0,"[36.0, 15.0]","[0.27441564, -0.85224015]"
1210,129,0.1,"[32.0, 12.0]","[0.06215854, -0.8791351]"
1210,130,0,"[32.0, 12.0]","[-1.0, -0.7616043]"
1210,131,0,"[32.0, 12.0]","[-1.0, -0.9453242]"
1210,132,0,"[32.0, 12.0]","[-1.0, -1.0]"
1210,133,0.1,"[-3.0, 10.0]","[-1.0, -1.0]"
1210,134,0,"[-3.0, 10.0]","[0.11361032, -1.0]"
1210,135,0,"[-3.0, 10.0]","[0.47149086, -1.0]"
1210,136,0,"[17.0, 7.0]","[-0.23917717, -1.0]"
1210,137,0,"[17.0, 7.0]","[-1.0, -1.0]"
1210,138,0,"[17.0, 7.0]","[-1.0, -1.0]"
1210,139,0.1,"[17.0, 5.0]","[-1.0, -1.0]"
1210,140,0,"[17.0, 5.0]","[-1.0, -0.9716884]"
1210,141,0,"[17.0, 5.0]","[-1.0, -0.9924273]"
1210,142,0,"[17.0, 5.0]","[-1.0, -1.0]"
1210,143,250,"[168.0, 16.0]","[-1.0, -1.0]"
1211,0,0,"[274.0, -199.0]","[-1.0, -0.9196642]"
1211,1,0.1,"[-14.0, 105.0]","[-0.92422897, -1.0]"
1211,2,0,"[-14.0, 105.0]","[-1.0, -1.0]"
1211,3,0,"[-14.0, 105.0]","[-1.0, -1.0]"
1211,4,0,"[-23.0, 113.0]","[-1.0, -1.0]"
1211,5,0,"[-23.0, 113.0]","[0.93947953, -1.0]"
1211,6,0,"[-23.0, 113.0]","[0.84493643, -0.9367529]"
1211,7,0.1,"[-9.0, 110.0]","[0.7454954, -0.9074206]"
1211,8,0,"[-9.0, 110.0]","[-0.78906745, -0.95778245]"
1211,9,0,"[-9.0, 110.0]","[-0.95239973, -0.9265038]"
1211,10,0.1,"[-12.0, 106.0]","[-0.7989686, -0.65414697]"
1211,11,0,"[-12.0, 106.0]","[-0.8816709, -0.8394819]"
1211,12,0,"[-12.0, 106.0]","[-0.73769295, -0.9477668]"
1211,13,0.1,"[-20.0, 103.0]","[-0.7268666, -0.98250294]"
1211,14,0,"[-20.0, 103.0]","[1.0, -1.0]"
1211,15,0,"[-20.0, 103.0]","[1.0, -1.0]"
1211,16,0.1,"[-4.0, 100.0]","[1.0, -1.0]"
1211,17,0,"[-4.0, 100.0]","[-0.6203451, -1.0]"
1211,18,0,"[-4.0, 100.0]","[-0.70296556, -1.0]"
1211,19,0.1,"[-12.0, 97.0]","[-0.7355632, -1.0]"
1211,20,0,"[-12.0, 97.0]","[-0.5925712, -1.0]"
1211,21,0,"[-12.0, 97.0]","[-0.70899194, -1.0]"
1211,22,0,"[-12.0, 97.0]","[-0.83393097, -1.0]"
1211,23,0.1,"[-17.0, 95.0]","[-0.73248035, -0.9737071]"
1211,24,0,"[-17.0, 95.0]","[1.0, -0.9517384]"
1211,25,0,"[-17.0, 95.0]","[1.0, -1.0]"
1211,26,0.1,"[-6.0, 92.0]","[1.0, -1.0]"
1211,27,0,"[-6.0, 92.0]","[-0.4633793, -0.892476]"
1211,28,0,"[-6.0, 92.0]","[-0.6828355, -0.82007897]"
1211,29,0.1,"[-2.0, 89.0]","[-0.53723884, -0.97508764]"
1211,30,0,"[-2.0, 89.0]","[-0.8264408, -1.0]"
1211,31,0.1,"[-13.0, 86.0]","[-0.77969223, -0.95310944]"
1211,32,0,"[-13.0, 86.0]","[-0.6610013, -1.0]"
1211,33,0,"[-13.0, 86.0]","[-0.57997847, -1.0]"
1211,34,0,"[-13.0, 86.0]","[-0.56593746, -1.0]"
1211,35,0.1,"[-11.0, 85.0]","[-0.6344631, -1.0]"
1211,36,0,"[-11.0, 85.0]","[-0.83342594, -1.0]"
1211,37,0,"[-11.0, 85.0]","[-0.84802943, -1.0]"
1211,38,0.1,"[-8.0, 82.0]","[-0.7688301, -1.0]"
1211,39,0,"[-8.0, 82.0]","[-0.83113176, -0.852074]"
1211,40,0,"[-8.0, 82.0]","[-1.0, -0.80308723]"
1211,41,0.1,"[-4.0, 80.0]","[-0.8539711, -0.5062768]"
1211,42,0,"[-4.0, 80.0]","[-0.67673194, -0.5849478]"
1211,43,0,"[-4.0, 80.0]","[-0.55170727, -0.6203863]"
1211,44,0.1,"[-1.0, 77.0]","[-0.52071834, -0.4874948]"
1211,45,0,"[-1.0, 77.0]","[-0.49826953, -0.4519668]"
1211,46,0,"[-1.0, 77.0]","[-0.6341545, -0.505314]"
1211,47,0.1,"[2.0, 75.0]","[-0.6895957, -0.42854857]"
1211,48,0,"[2.0, 75.0]","[-0.9722505, -0.42945993]"
1211,49,0,"[2.0, 75.0]","[-0.92962694, -0.5370348]"
1211,50,0.1,"[5.0, 72.0]","[-0.74922186, -0.69145143]"
1211,51,0,"[5.0, 72.0]","[-0.77109873, -0.9841742]"
1211,52,0,"[5.0, 72.0]","[-0.48612753, -0.82469994]"
1211,53,0.1,"[8.0, 70.0]","[-0.61701137, -0.7978151]"
1211,54,0,"[8.0, 70.0]","[-0.3850888, -0.9802657]"
1211,55,0,"[8.0, 70.0]","[-0.48833725, -1.0]"
1211,56,0.1,"[10.0, 67.0]","[-0.52056634, -0.9581813]"
1211,57,0,"[10.0, 67.0]","[-0.63883084, -0.6864914]"
1211,58,0,"[10.0, 67.0]","[-0.6173852, -0.7573722]"
1211,59,0.1,"[13.0, 65.0]","[-0.5510715, -1.0]"
1211,60,0,"[13.0, 65.0]","[-0.8844402, -1.0]"
1211,61,0,"[13.0, 65.0]","[-0.77150285, -1.0]"
1211,62,0.1,"[16.0, 62.0]","[-0.9213044, -1.0]"
1211,63,0,"[16.0, 62.0]","[-0.7087803, -1.0]"
1211,64,0,"[16.0, 62.0]","[-0.7487133, -1.0]"
1211,65,0.1,"[19.0, 60.0]","[-0.66397995, -1.0]"
1211,66,0,"[19.0, 60.0]","[-0.72857976, -1.0]"
1211,67,0,"[19.0, 60.0]","[-0.5005573, -1.0]"
1211,68,0.1,"[21.0, 57.0]","[-0.45476013, -1.0]"
1211,69,0,"[21.0, 57.0]","[-0.62279856, -1.0]"
1211,70,0,"[21.0, 57.0]","[-0.52906746, -1.0]"
1211,71,0.1,"[24.0, 55.0]","[-0.6222214, -1.0]"
1211,72,0,"[24.0, 55.0]","[1.0, -1.0]"
1211,73,0,"[24.0, 55.0]","[-0.3466059, -1.0]"
1211,74,0,"[34.0, 52.0]","[1.0, -1.0]"
1211,75,0,"[34.0, 52.0]","[1.0, -0.79695666]"
1211,76,0,"[34.0, 52.0]","[1.0, -1.0]"
1211,77,0,"[34.0, 52.0]","[1.0, -0.99055004]"
1211,78,0,"[45.0, 50.0]","[1.0, -1.0]"
1211,79,0,"[45.0, 50.0]","[1.0, -0.9222121]"
1211,80,0,"[45.0, 50.0]","[1.0, -1.0]"
1211,81,0.1,"[42.0, 47.0]","[0.86927885, -1.0]"
1211,82,0,"[42.0, 47.0]","[0.8472705, -1.0]"
1211,83,0,"[42.0, 47.0]","[0.9787951, -1.0]"
1211,84,0.1,"[37.0, 44.0]","[1.0, -1.0]"
1211,85,0,"[37.0, 44.0]","[1.0, -1.0]"
1211,86,0,"[37.0, 44.0]","[0.7488012, -1.0]"
1211,87,0.1,"[33.0, 42.0]","[0.6704358, -0.96724755]"
1211,88,0,"[33.0, 42.0]","[0.83357924, -0.8268142]"
1211,89,0,"[33.0, 42.0]","[0.69731426, -0.6678634]"
1211,90,0,"[45.0, 39.0]","[0.78730416, -0.4214214]"
1211,91,0,"[45.0, 39.0]","[0.97054917, -0.6964485]"
1211,92,0,"[45.0, 39.0]","[0.79638916, -0.54085594]"
1211,93,0.1,"[25.0, 37.0]","[1.0, -0.5244261]"
1211,94,0,"[25.0, 37.0]","[0.8568183, -0.5554047]"
1211,95,0,"[25.0, 37.0]","[1.0, -0.7277727]"
1211,96,0,"[25.0, 37.0]","[1.0, -0.7598652]"
1211,97,0.1,"[22.0, 34.0]","[1.0, -0.612951]"
1211,98,0,"[22.0, 34.0]","[0.93567145, -0.6918684]"
1211,99,0.1,"[19.0, 31.0]","[0.8440997, -0.5912082]"
1211,100,0,"[19.0, 31.0]","[0.7576161, -0.5649598]"
1211,101,0,"[19.0, 31.0]","[0.5791003, -0.8133122]"
1211,102,0.1,"[16.0, 29.0]","[0.29002056, -0.5644957]"
1211,103,0,"[16.0, 29.0]","[0.2981839, -0.6884267]"
1211,104,0,"[16.0, 29.0]","[0.28886315, -1.0]"
1211,105,0.1,"[14.0, 26.0]","[0.4896349, -0.9890192]"
1211,106,0,"[14.0, 26.0]","[0.8407102, -0.71110505]"
1211,107,0,"[14.0, 26.0]","[0.5282875, -0.773135]"
1211,108,0,"[14.0, 26.0]","[0.8331457, -0.7927749]"
1211,109,0.1,"[11.0, 24.0]","[0.86773086, -1.0]"
1211,110,0,"[11.0, 24.0]","[-1.0, -1.0]"
1211,111,0,"[11.0, 24.0]","[-0.039649863, -0.74802935]"
1211,112,0,"[18.0, 21.0]","[-0.7683939, -0.7590405]"
1211,113,0,"[18.0, 21.0]","[1.0, -1.0]"
1211,114,0,"[18.0, 21.0]","[1.0, -1.0]"
1211,115,0.1,"[14.0, 18.0]","[1.0, -1.0]"
1211,116,0,"[14.0, 18.0]","[1.0, -1.0]"
1211,117,0,"[14.0, 18.0]","[1.0, -1.0]"
1211,118,0.1,"[8.0, 16.0]","[1.0, -1.0]"
1211,119,0,"[8.0, 16.0]","[-0.22820857, -1.0]"
1211,120,0,"[8.0, 16.0]","[1.0, -1.0]"
1211,121,0.1,"[-3.0, 13.0]","[-0.16906151, -1.0]"
1211,122,0,"[-3.0, 13.0]","[-0.45731756, -1.0]"
1211,123,0,"[-3.0, 13.0]","[-0.43730277, -1.0]"
1211,124,0,"[-11.0, 11.0]","[-0.645788, -1.0]"
1211,125,0,"[-11.0, 11.0]","[0.75471777, -1.0]"
1211,126,0,"[-11.0, 11.0]","[0.20093329, -1.0]"
1211,127,250,"[189.0, 192.0]","[0.8636558, -1.0]"
1212,0,0,"[-14.0, 105.0]","[1.0, -1.0]"
1212,1,0,"[-14.0, 105.0]","[-0.8969867, -1.0]"
1212,2,0,"[-14.0, 105.0]","[-0.8055042, -1.0]"
1212,3,0,"[-14.0, 105.0]","[-0.88995737, -0.9066258]"
1212,4,0,"[-21.0, 112.0]","[-0.9085876, -0.8376694]"
1212,5,0,"[-21.0, 112.0]","[1.0, -0.87070584]"
1212,6,0,"[-21.0, 112.0]","[1.0, -0.9895388]"
1212,7,0.1,"[-13.0, 110.0]","[0.92155963, -1.0]"
1212,8,0,"[-13.0, 110.0]","[-1.0, -1.0]"
1212,9,0,"[-13.0, 110.0]","[-1.0, -1.0]"
1212,10,0.1,"[-14.0, 107.0]","[-0.93044335, -1.0]"
1212,11,0,"[-14.0, 107.0]","[-0.9268185, -1.0]"
1212,12,0,"[-14.0, 107.0]","[-1.0, -1.0]"
1212,13,0.1,"[-22.0, 103.0]","[-1.0, -1.0]"
1212,14,0,"[-22.0, 103.0]","[0.632698, -1.0]"
1212,15,0,"[-22.0, 103.0]","[0.7432483, -1.0]"
1212,16,0.1,"[-8.0, 100.0]","[0.4480346, -1.0]"
1212,17,0,"[-8.0, 100.0]","[-1.0, -1.0]"
1212,18,0,"[-8.0, 100.0]","[-1.0, -1.0]"
1212,19,0.1,"[-11.0, 98.0]","[-1.0, -1.0]"
1212,20,0,"[-11.0, 98.0]","[-1.0, -1.0]"
1212,21,0,"[-11.0, 98.0]","[-1.0, -1.0]"
1212,22,0.1,"[-18.0, 95.0]","[-1.0, -0.9503871]"
1212,23,0,"[-18.0, 95.0]","[0.43296874, -0.93181264]"
1212,24,0,"[-18.0, 95.0]","[0.7315633, -0.83755493]"
1212,25,0.1,"[-3.0, 92.0]","[0.86496687, -0.89308554]"
1212,26,0,"[-3.0, 92.0]","[-1.0, -0.7225061]"
1212,27,0,"[-3.0, 92.0]","[-1.0, -0.4081832]"
1212,28,0.1,"[-9.0, 90.0]","[-1.0, -0.5864238]"
1212,29,0,"[-9.0, 90.0]","[-1.0, -0.7450669]"
1212,30,0,"[-9.0, 90.0]","[-1.0, -0.81106335]"
1212,31,0.1,"[-16.0, 87.0]","[-0.9943721, -1.0]"
1212,32,0,"[-16.0, 87.0]","[1.0, -0.89200646]"
1212,33,0,"[-16.0, 87.0]","[1.0, -1.0]"
1212,34,0.1,"[0.0, 84.0]","[1.0, -1.0]"
1212,35,0,"[0.0, 84.0]","[-0.92821413, -1.0]"
1212,36,0,"[0.0, 84.0]","[-1.0, -0.8866966]"
1212,37,0.1,"[-7.0, 82.0]","[-1.0, -1.0]"
1212,38,0,"[-7.0, 82.0]","[-0.64138645, -1.0]"
1212,39,0,"[-7.0, 82.0]","[-0.6466809, -0.8845957]"
1212,40,0,"[-7.0, 82.0]","[-0.97064453, -1.0]"
1212,41,0.1,"[-13.0, 79.0]","[-0.8240275, -1.0]"
1212,42,0,"[-13.0, 79.0]","[1.0, -1.0]"
1212,43,0,"[-13.0, 79.0]","[1.0, -1.0]"
1212,44,0.1,"[-3.0, 77.0]","[0.99384177, -0.86585885]"
1212,45,0,"[-3.0, 77.0]","[-1.0, -0.8667313]"
1212,46,0,"[-3.0, 77.0]","[-1.0, -0.8472981]"
1212,47,0.1,"[2.0, 74.0]","[-1.0, -0.9591053]"
1212,48,0,"[2.0, 74.0]","[-1.0, -0.9181216]"
1212,49,0,"[2.0, 74.0]","[-1.0, -0.9345587]"
1212,50,0.1,"[-9.0, 72.0]","[-1.0, -0.73537326]"
1212,51,0,"[-9.0, 72.0]","[-0.7645771, -0.9161133]"
1212,52,0,"[-9.0, 72.0]","[-1.0, -1.0]"
1212,53,0.1,"[-7.0, 69.0]","[-0.9244137, -0.96100324]"
1212,54,0,"[-7.0, 69.0]","[-0.98824084, -0.841092]"
1212,55,0,"[-7.0, 69.0]","[-1.0, -0.7007817]"
1212,56,0.1,"[-4.0, 66.0]","[-1.0, -0.8325961]"
1212,57,0,"[-4.0, 66.0]","[-1.0, -0.88310796]"
1212,58,0,"[-4.0, 66.0]","[-1.0, -1.0]"
1212,59,0.1,"[0.0, 64.0]","[-1.0, -0.9190915]"
1212,60,0,"[0.0, 64.0]","[-1.0, -0.99699056]"
1212,61,0,"[0.0, 64.0]","[-1.0, -1.0]"
1212,62,0.1,"[3.0, 61.0]","[-1.0, -1.0]"
1212,63,0,"[3.0, 61.0]","[-1.0, -1.0]"
1212,64,0,"[3.0, 61.0]","[-1.0, -1.0]"
1212,65,0.1,"[6.0, 59.0]","[-1.0, -1.0]"
1212,66,0,"[6.0, 59.0]","[-1.0, -1.0]"
1212,67,0,"[6.0, 59.0]","[-1.0, -1.0]"
1212,68,0.1,"[9.0, 56.0]","[-1.0, -1.0]"
1212,69,0,"[9.0, 56.0]","[-1.0, -1.0]"
1212,70,0,"[9.0, 56.0]","[-1.0, -1.0]"
1212,71,0.1,"[12.0, 54.0]","[-1.0, -1.0]"
1212,72,0,"[12.0, 54.0]","[-0.77262276, -1.0]"
1212,73,0,"[12.0, 54.0]","[-0.9732457, -1.0]"
1212,74,0.1,"[15.0, 51.0]","[-0.96596676, -1.0]"
1212,75,0,"[15.0, 51.0]","[-0.8444022, -1.0]"
1212,76,0,"[15.0, 51.0]","[-0.59374344, -1.0]"
1212,77,0,"[15.0, 51.0]","[-0.782754, -1.0]"
1212,78,0.1,"[17.0, 48.0]","[-0.97780734, -1.0]"
1212,79,0,"[17.0, 48.0]","[-0.90029836, -1.0]"
1212,80,0,"[17.0, 48.0]","[-1.0, -1.0]"
1212,81,0.1,"[20.0, 46.0]","[-1.0, -1.0]"
1212,82,0,"[20.0, 46.0]","[0.6755951, -1.0]"
1212,83,0,"[20.0, 46.0]","[-1.0, -1.0]"
1212,84,0,"[30.0, 43.0]","[0.71208024, -1.0]"
1212,85,0,"[30.0, 43.0]","[0.9490624, -1.0]"
1212,86,0,"[30.0, 43.0]","[1.0, -1.0]"
1212,87,0,"[40.0, 41.0]","[0.77027434, -1.0]"
1212,88,0,"[40.0, 41.0]","[0.72309697, -1.0]"
1212,89,0,"[40.0, 41.0]","[0.80519724, -1.0]"
1212,90,0.1,"[41.0, 39.0]","[0.9889231, -0.99232924]"
1212,91,0,"[41.0, 39.0]","[0.61293423, -1.0]"
1212,92,0,"[41.0, 39.0]","[0.69162905, -1.0]"
1212,93,0.1,"[35.0, 36.0]","[0.7112802, -1.0]"
1212,94,0,"[35.0, 36.0]","[0.6061421, -1.0]"
1212,95,0,"[35.0, 36.0]","[0.4838571, -1.0]"
1212,96,0.1,"[30.0, 33.0]","[0.6991752, -0.9236588]"
1212,97,0,"[30.0, 33.0]","[0.82093865, -0.8613112]"
1212,98,0,"[30.0, 33.0]","[0.840434, -1.0]"
1212,99,0,"[42.0, 30.0]","[0.72509485, -1.0]"
1212,100,0,"[42.0, 30.0]","[1.0, -1.0]"
1212,101,0,"[42.0, 30.0]","[1.0, -1.0]"
1212,102,0.1,"[23.0, 28.0]","[1.0, -1.0]"
1212,103,0,"[23.0, 28.0]","[1.0, -1.0]"
1212,104,0,"[23.0, 28.0]","[1.0, -0.863368]"
1212,105,0,"[36.0, 25.0]","[1.0, -0.9666216]"
1212,106,0,"[36.0, 25.0]","[1.0, -0.9962645]"
1212,107,0,"[36.0, 25.0]","[1.0, -1.0]"
1212,108,0.1,"[33.0, 23.0]","[0.9801664, -1.0]"
1212,109,0,"[33.0, 23.0]","[0.97063863, -1.0]"
1212,110,0,"[33.0, 23.0]","[0.8845254, -1.0]"
1212,111,0,"[33.0, 23.0]","[0.8708497, -1.0]"
1212,112,0.1,"[14.0, 20.0]","[1.0, -1.0]"
1212,113,0,"[14.0, 20.0]","[1.0, -1.0]"
1212,114,0,"[14.0, 20.0]","[1.0, -1.0]"
1212,115,0.1,"[11.0, 18.0]","[1.0, -1.0]"
1212,116,0,"[11.0, 18.0]","[1.0, -1.0]"
1212,117,0,"[11.0, 18.0]","[1.0, -1.0]"
1212,118,0.1,"[8.0, 15.0]","[1.0, -0.9465629]"
1212,119,0,"[8.0, 15.0]","[-0.28871694, -0.79466295]"
1212,120,0,"[8.0, 15.0]","[0.78803974, -0.7884365]"
1212,121,0,"[15.0, 12.0]","[-0.5521583, -0.7153998]"
1212,122,0,"[15.0, 12.0]","[-0.35328516, -0.7265505]"
1212,123,0,"[15.0, 12.0]","[-0.19526595, -0.80707395]"
1212,124,0.1,"[5.0, 10.0]","[0.2831872, -0.8578164]"
1212,125,0,"[5.0, 10.0]","[-0.7248064, -1.0]"
1212,126,0,"[5.0, 10.0]","[-0.5638021, -1.0]"
1212,127,250,"[183.0, 180.0]","[-0.52544624, -0.920097]"
1213,0,0,"[-14.0, 105.0]","[0.8550186, -0.8591596]"
1213,1,0,"[-14.0, 105.0]","[-0.99052525, -0.9294298]"
1213,2,0,"[-14.0, 105.0]","[-1.0, -1.0]"
1213,3,0,"[-14.0, 105.0]","[-0.9862895, -0.8248534]"
1213,4,0,"[-22.0, 112.0]","[-1.0, -0.7086341]"
1213,5,0,"[-22.0, 112.0]","[0.86910653, -0.7369195]"
1213,6,0,"[-22.0, 112.0]","[0.9673166, -0.6817518]"
1213,7,0.1,"[-11.0, 110.0]","[0.8128805, -0.72278374]"
1213,8,0,"[-11.0, 110.0]","[-1.0, -0.82844704]"
1213,9,0,"[-11.0, 110.0]","[-0.97953564, -0.8864336]"
1213,10,0.1,"[-15.0, 106.0]","[-0.9351436, -0.8020745]"
1213,11,0,"[-15.0, 106.0]","[-1.0, -0.98494834]"
1213,12,0,"[-15.0, 106.0]","[-1.0, -0.9480285]"
1213,13,0.1,"[-22.0, 103.0]","[-1.0, -0.93021506]"
1213,14,0,"[-22.0, 103.0]","[0.90490884, -0.89154255]"
1213,15,0,"[-22.0, 103.0]","[1.0, -0.95173186]"
1213,16,0.1,"[-7.0, 100.0]","[0.8944945, -0.94357365]"
1213,17,0,"[-7.0, 100.0]","[-1.0, -0.94818085]"
1213,18,0,"[-7.0, 100.0]","[-0.9186251, -1.0]"
1213,19,0.1,"[-12.0, 97.0]","[-0.82258004, -0.9202991]"
1213,20,0,"[-12.0, 97.0]","[-0.7951745, -1.0]"
1213,21,0,"[-12.0, 97.0]","[-0.8893613, -1.0]"
1213,22,0.1,"[-19.0, 94.0]","[-1.0, -1.0]"
1213,23,0,"[-19.0, 94.0]","[1.0, -1.0]"
1213,24,0,"[-19.0, 94.0]","[0.8949228, -1.0]"
1213,25,0,"[-19.0, 94.0]","[1.0, -1.0]"
1213,26,0.1,"[-2.0, 92.0]","[1.0, -0.99114656]"
1213,27,0,"[-2.0, 92.0]","[-0.7969613, -1.0]"
1213,28,0,"[-2.0, 92.0]","[-0.99876195, -1.0]"
1213,29,0.1,"[-5.0, 89.0]","[-1.0, -0.9036538]"
1213,30,0,"[-5.0, 89.0]","[-0.89835876, -1.0]"
1213,31,0,"[-5.0, 89.0]","[-1.0, -0.7102685]"
1213,32,0.1,"[-18.0, 86.0]","[-1.0, -1.0]"
1213,33,0,"[-18.0, 86.0]","[0.5237017, -0.9993699]"
1213,34,0,"[-18.0, 86.0]","[0.673372, -0.73709273]"
1213,35,0.1,"[-6.0, 85.0]","[0.62136424, -0.8914235]"
1213,36,0,"[-6.0, 85.0]","[-1.0, -0.62980145]"
1213,37,0,"[-6.0, 85.0]","[-1.0, -0.60274696]"
1213,38,0.1,"[-4.0, 81.0]","[-1.0, -0.7957799]"
1213,39,0,"[-4.0, 81.0]","[-1.0, -1.0]"
1213,40,0,"[-4.0, 81.0]","[-1.0, -0.99061966]"
1213,41,0.1,"[-15.0, 79.0]","[-1.0, -0.7549737]"
1213,42,0,"[-15.0, 79.0]","[0.55608594, -0.91264224]"
1213,43,0,"[-15.0, 79.0]","[0.3648823, -0.87210786]"
1213,44,0.1,"[-1.0, 76.0]","[0.60822636, -0.8162597]"
1213,45,0,"[-1.0, 76.0]","[-1.0, -0.96844983]"
1213,46,0,"[-1.0, 76.0]","[-1.0, -0.831379]"
1213,47,0.1,"[-5.0, 74.0]","[-1.0, -1.0]"
1213,48,0,"[-5.0, 74.0]","[-1.0, -1.0]"
1213,49,0,"[-5.0, 74.0]","[-0.9734957, -1.0]"
1213,50,0.1,"[-12.0, 71.0]","[-1.0, -1.0]"
1213,51,0,"[-12.0, 71.0]","[-0.41654053, -1.0]"
1213,52,0,"[-12.0, 71.0]","[-0.8385022, -1.0]"
1213,53,0.1,"[-9.0, 69.0]","[-0.6471968, -0.9107162]"
1213,54,0,"[-9.0, 69.0]","[-1.0, -0.93514144]"
1213,55,0,"[-9.0, 69.0]","[-1.0, -0.88030905]"
1213,56,0.1,"[-6.0, 66.0]","[-1.0, -0.98636025]"
1213,57,0,"[-6.0, 66.0]","[-1.0, -0.92172366]"
1213,58,0,"[-6.0, 66.0]","[-1.0, -0.98912454]"
1213,59,0,"[-6.0, 66.0]","[-1.0, -0.9339757]"
1213,60,0.1,"[-2.0, 63.0]","[-1.0, -0.80637413]"
1213,61,0,"[-2.0, 63.0]","[-1.0, -0.7085297]"
1213,62,0,"[-2.0, 63.0]","[-1.0, -0.94724685]"
1213,63,0.1,"[1.0, 61.0]","[-1.0, -1.0]"
1213,64,0,"[1.0, 61.0]","[-1.0, -0.92745346]"
1213,65,0,"[1.0, 61.0]","[-1.0, -0.9534263]"
1213,66,0.1,"[4.0, 58.0]","[-1.0, -0.8697944]"
1213,67,0,"[4.0, 58.0]","[-1.0, -0.6648052]"
1213,68,0,"[4.0, 58.0]","[-1.0, -0.65818995]"
1213,69,0.1,"[7.0, 56.0]","[-0.9430553, -0.5726409]"
1213,70,0,"[7.0, 56.0]","[-1.0, -0.7422419]"
1213,71,0,"[7.0, 56.0]","[-1.0, -0.66691124]"
1213,72,0.1,"[10.0, 53.0]","[-1.0, -0.80557674]"
1213,73,0,"[10.0, 53.0]","[-0.9348579, -1.0]"
1213,74,0,"[10.0, 53.0]","[-1.0, -0.9737863]"
1213,75,0.1,"[12.0, 51.0]","[-1.0, -1.0]"
1213,76,0,"[12.0, 51.0]","[-1.0, -1.0]"
1213,77,0,"[12.0, 51.0]","[-1.0, -0.79835135]"
1213,78,0.1,"[15.0, 48.0]","[-1.0, -0.671404]"
1213,79,0,"[15.0, 48.0]","[-1.0, -0.7709836]"
1213,80,0,"[15.0, 48.0]","[-1.0, -1.0]"
1213,81,0.1,"[18.0, 46.0]","[-1.0, -1.0]"
1213,82,0,"[18.0, 46.0]","[-0.8059994, -0.82904094]"
1213,83,0,"[18.0, 46.0]","[-0.7958931, -0.86455965]"
1213,84,0.1,"[20.0, 43.0]","[-0.6518845, -0.638117]"
1213,85,0,"[20.0, 43.0]","[-0.810072, -0.73629]"
1213,86,0,"[20.0, 43.0]","[-1.0, -0.94355464]"
1213,87,0.1,"[23.0, 41.0]","[-0.7924983, -0.832224]"
1213,88,0,"[23.0, 41.0]","[1.0, -0.7957228]"
1213,89,0,"[23.0, 41.0]","[1.0, -0.96977586]"
1213,90,0,"[53.0, 39.0]","[1.0, -0.61585206]"
1213,91,0,"[53.0, 39.0]","[1.0, -0.624618]"
1213,92,0,"[53.0, 39.0]","[1.0, -0.5282855]"
1213,93,0.1,"[45.0, 37.0]","[1.0, -0.5366152]"
1213,94,0,"[45.0, 37.0]","[1.0, -0.628673]"
1213,95,0,"[45.0, 37.0]","[1.0, -0.60636175]"
1213,96,0.1,"[41.0, 34.0]","[1.0, -0.8074626]"
1213,97,0,"[41.0, 34.0]","[1.0, -0.83937603]"
1213,98,0,"[41.0, 34.0]","[0.7232281, -1.0]"
1213,99,0.1,"[35.0, 31.0]","[0.69246674, -1.0]"
1213,100,0,"[35.0, 31.0]","[0.9135753, -1.0]"
1213,101,0,"[35.0, 31.0]","[0.9513901, -1.0]"
1213,102,0.1,"[31.0, 29.0]","[0.88952357, -1.0]"
1213,103,0,"[31.0, 29.0]","[0.8525801, -1.0]"
1213,104,0,"[31.0, 29.0]","[0.82876486, -0.8370533]"
1213,105,0,"[43.0, 26.0]","[0.85549736, -0.74889576]"
1213,106,0,"[43.0, 26.0]","[1.0, -0.8585861]"
1213,107,0,"[43.0, 26.0]","[1.0, -0.89746565]"
1213,108,0.1,"[24.0, 24.0]","[1.0, -0.8968425]"
1213,109,0,"[24.0, 24.0]","[1.0, -1.0]"
1213,110,0,"[24.0, 24.0]","[1.0, -1.0]"
1213,111,0,"[37.0, 21.0]","[1.0, -1.0]"
1213,112,0,"[37.0, 21.0]","[0.97834927, -1.0]"
1213,113,0,"[37.0, 21.0]","[0.7877646, -1.0]"
1213,114,0,"[37.0, 21.0]","[0.8273987, -1.0]"
1213,115,0.1,"[34.0, 18.0]","[1.0, -1.0]"
1213,116,0,"[34.0, 18.0]","[0.6905789, -1.0]"
1213,117,0,"[34.0, 18.0]","[0.77719283, -1.0]"
1213,118,0.1,"[15.0, 16.0]","[0.7320377, -1.0]"
1213,119,0,"[15.0, 16.0]","[0.782798, -1.0]"
1213,120,0,"[15.0, 16.0]","[0.7821645, -1.0]"
1213,121,0.1,"[12.0, 13.0]","[1.0, -1.0]"
1213,122,0,"[12.0, 13.0]","[0.7244064, -1.0]"
1213,123,0,"[12.0, 13.0]","[0.46021676, -1.0]"
1213,124,0.1,"[9.0, 11.0]","[0.56398445, -1.0]"
1213,125,0,"[9.0, 11.0]","[-1.0, -1.0]"
1213,126,0,"[9.0, 11.0]","[-1.0, -1.0]"
1213,127,250,"[213.0, 191.0]","[-1.0, -1.0]"
1214,0,0,"[-14.0, 105.0]","[0.94045615, -1.0]"
1214,1,0,"[-14.0, 105.0]","[-1.0, -1.0]"
1214,2,0,"[-14.0, 105.0]","[-1.0, -1.0]"
1214,3,0,"[-14.0, 105.0]","[-1.0, -0.92104095]"
1214,4,0,"[-21.0, 112.0]","[-1.0, -0.57569706]"
1214,5,0,"[-21.0, 112.0]","[-1.0, -0.6325731]"
1214,6,0,"[-21.0, 112.0]","[-1.0, -0.40747678]"
1214,7,0.1,"[-23.0, 110.0]","[-0.8239811, -0.41702127]"
1214,8,0,"[-23.0, 110.0]","[1.0, -0.29527843]"
1214,9,0,"[-23.0, 110.0]","[0.5673729, -0.31348303]"
1214,10,0.1,"[-8.0, 107.0]","[1.0, -0.2516116]"
1214,11,0,"[-8.0, 107.0]","[-0.64497024, -0.17074305]"
1214,12,0,"[-8.0, 107.0]","[-0.65531814, -0.32908642]"
1214,13,0.1,"[-11.0, 102.0]","[-0.88207227, -0.4651653]"
1214,14,0,"[-11.0, 102.0]","[-0.8019897, -0.5153394]"
1214,15,0,"[-11.0, 102.0]","[-0.95551854, -0.5844232]"
1214,16,0.1,"[-19.0, 100.0]","[-1.0, -0.48604625]"
1214,17,0,"[-19.0, 100.0]","[-1.0, -0.51830864]"
1214,18,0,"[-19.0, 100.0]","[-1.0, -0.52716494]"
1214,19,0.1,"[-16.0, 97.0]","[-1.0, -0.63680947]"
1214,20,0,"[-16.0, 97.0]","[-0.9816196, -0.5585402]"
1214,21,0,"[-16.0, 97.0]","[-1.0, -0.5901764]"
1214,22,0.1,"[-13.0, 95.0]","[-1.0, -0.8017441]"
1214,23,0,"[-13.0, 95.0]","[-0.98576504, -0.46597272]"
1214,24,0,"[-13.0, 95.0]","[-0.9744954, -0.39848277]"
1214,25,0.1,"[-9.0, 92.0]","[-1.0, -0.45791596]"
1214,26,0,"[-9.0, 92.0]","[-1.0, -0.60156244]"
1214,27,0,"[-9.0, 92.0]","[-0.811296, -0.6302064]"
1214,28,0,"[-9.0, 92.0]","[-0.58120614, -0.2583564]"
1214,29,0.1,"[-6.0, 90.0]","[-0.8605706, -0.38349488]"
1214,30,0,"[-6.0, 90.0]","[-1.0, -0.31306872]"
1214,31,0,"[-6.0, 90.0]","[-0.9393422, -0.42976373]"
1214,32,0.1,"[-3.0, 87.0]","[-0.80565894, -0.18137754]"
1214,33,0,"[-3.0, 87.0]","[-0.739483, -0.23575744]"
1214,34,0,"[-3.0, 87.0]","[-0.9263382, -0.22725925]"
1214,35,0.1,"[0.0, 83.0]","[-0.7493382, -0.487938]"
1214,36,0,"[0.0, 83.0]","[-1.0, -0.43804687]"
1214,37,0,"[0.0, 83.0]","[-0.8461617, -0.47347724]"
1214,38,0.1,"[3.0, 82.0]","[-0.8478064, -0.66227585]"
1214,39,0,"[3.0, 82.0]","[-1.0, -0.8571167]"
1214,40,0.1,"[6.0, 80.0]","[-0.9270967, -0.73075825]"
1214,41,0,"[6.0, 80.0]","[-0.71051145, -1.0]"
1214,42,0,"[6.0, 80.0]","[-0.7104614, -1.0]"
1214,43,0,"[6.0, 80.0]","[-0.8138352, -1.0]"
1214,44,0.1,"[9.0, 77.0]","[-0.87987477, -1.0]"
1214,45,0,"[9.0, 77.0]","[-0.990359, -1.0]"
1214,46,0,"[9.0, 77.0]","[-0.8355202, -1.0]"
1214,47,0.1,"[11.0, 74.0]","[-0.8438451, -1.0]"
1214,48,0,"[11.0, 74.0]","[-1.0, -1.0]"
1214,49,0,"[11.0, 74.0]","[-1.0, -1.0]"
1214,50,0.1,"[14.0, 72.0]","[-0.5468376, -1.0]"
1214,51,0,"[14.0, 72.0]","[-0.517514, -1.0]"
1214,52,0,"[14.0, 72.0]","[-0.67656064, -1.0]"
1214,53,0.1,"[16.0, 69.0]","[-0.5723918, -1.0]"
1214,54,0,"[16.0, 69.0]","[-0.6902603, -1.0]"
1214,55,0,"[16.0, 69.0]","[-0.53701687, -1.0]"
1214,56,0,"[35.0, 67.0]","[-0.625251, -1.0]"
1214,57,0,"[35.0, 67.0]","[1.0, -1.0]"
1214,58,0,"[35.0, 67.0]","[-0.6001092, -1.0]"
1214,59,0.1,"[32.0, 65.0]","[1.0, -1.0]"
1214,60,0,"[32.0, 65.0]","[-0.58395565, -1.0]"
1214,61,0,"[32.0, 65.0]","[-0.391728, -1.0]"
1214,62,0.1,"[28.0, 62.0]","[-0.43423083, -0.795946]"
1214,63,0,"[28.0, 62.0]","[-0.72172725, -0.7395861]"
1214,64,0,"[28.0, 62.0]","[-0.99587756, -0.6868923]"
1214,65,0.1,"[22.0, 59.0]","[-1.0, -0.7532216]"
1214,66,0,"[22.0, 59.0]","[-0.5893429, -0.8123998]"
1214,67,0,"[22.0, 59.0]","[-0.6168998, -0.9078282]"
1214,68,0.1,"[24.0, 56.0]","[-0.33193555, -0.7567197]"
1214,69,0,"[24.0, 56.0]","[-0.42378527, -0.76242715]"
1214,70,0,"[24.0, 56.0]","[-0.32109913, -0.7078957]"
1214,71,0.1,"[28.0, 54.0]","[-0.16842373, -0.97182214]"
1214,72,0,"[28.0, 54.0]","[0.33581355, -1.0]"
1214,73,0,"[28.0, 54.0]","[-0.49440566, -0.9851237]"
1214,74,0,"[42.0, 52.0]","[0.9639292, -1.0]"
1214,75,0,"[42.0, 52.0]","[1.0, -1.0]"
1214,76,0,"[42.0, 52.0]","[0.83782053, -1.0]"
1214,77,0,"[49.0, 49.0]","[0.6240394, -1.0]"
1214,78,0,"[49.0, 49.0]","[0.8068264, -1.0]"
1214,79,0,"[49.0, 49.0]","[0.99253935, -1.0]"
1214,80,0.1,"[47.0, 47.0]","[1.0, -1.0]"
1214,81,0,"[47.0, 47.0]","[1.0, -1.0]"
1214,82,0,"[47.0, 47.0]","[1.0, -1.0]"
1214,83,0.1,"[42.0, 44.0]","[1.0, -1.0]"
1214,84,0,"[42.0, 44.0]","[1.0, -1.0]"
1214,85,0,"[42.0, 44.0]","[1.0, -1.0]"
1214,86,0,"[42.0, 44.0]","[0.81864774, -0.87423146]"
1214,87,0,"[53.0, 41.0]","[0.7451758, -0.8447798]"
1214,88,0,"[53.0, 41.0]","[0.6805494, -0.8827716]"
1214,89,0.1,"[33.0, 39.0]","[0.69022566, -0.80371046]"
1214,90,0,"[33.0, 39.0]","[0.87248623, -1.0]"
1214,91,0,"[33.0, 39.0]","[1.0, -1.0]"
1214,92,0,"[33.0, 39.0]","[1.0, -1.0]"
1214,93,0.1,"[30.0, 36.0]","[1.0, -1.0]"
1214,94,0,"[30.0, 36.0]","[1.0, -1.0]"
1214,95,0,"[30.0, 36.0]","[1.0, -1.0]"
1214,96,0.1,"[27.0, 34.0]","[1.0, -1.0]"
1214,97,0,"[27.0, 34.0]","[1.0, -1.0]"
1214,98,0,"[27.0, 34.0]","[1.0, -1.0]"
1214,99,0.1,"[24.0, 31.0]","[1.0, -1.0]"
1214,100,0,"[24.0, 31.0]","[1.0, -1.0]"
1214,101,0,"[24.0, 31.0]","[1.0, -1.0]"
1214,102,0,"[37.0, 28.0]","[0.86494553, -1.0]"
1214,103,0,"[37.0, 28.0]","[0.74394774, -1.0]"
1214,104,0,"[37.0, 28.0]","[0.5741554, -1.0]"
1214,105,0.1,"[19.0, 26.0]","[0.5824987, -1.0]"
1214,106,0,"[19.0, 26.0]","[0.67492247, -1.0]"
1214,107,0,"[19.0, 26.0]","[0.6972606, -1.0]"
1214,108,0,"[32.0, 23.0]","[0.75555485, -0.9968525]"
1214,109,0,"[32.0, 23.0]","[0.8242875, -0.9422192]"
1214,110,0,"[32.0, 23.0]","[0.75743246, -0.68884915]"
1214,111,0.1,"[29.0, 21.0]","[0.72349536, -0.65637976]"
1214,112,0,"[29.0, 21.0]","[1.0, -0.66708046]"
1214,113,0,"[29.0, 21.0]","[0.6959285, -0.5455546]"
1214,114,0.1,"[27.0, 18.0]","[0.6268439, -0.9429943]"
1214,115,0,"[27.0, 18.0]","[0.55649585, -1.0]"
1214,116,0,"[27.0, 18.0]","[0.70287997, -1.0]"
1214,117,0.1,"[24.0, 16.0]","[0.57458526, -1.0]"
1214,118,0,"[24.0, 16.0]","[0.5534373, -1.0]"
1214,119,0,"[24.0, 16.0]","[0.5662403, -1.0]"
1214,120,0.1,"[5.0, 13.0]","[0.5506481, -1.0]"
1214,121,0,"[5.0, 13.0]","[-1.0, -0.913923]"
1214,122,0,"[5.0, 13.0]","[-1.0, -0.9168078]"
1214,123,0,"[-10.0, 11.0]","[-1.0, -1.0]"
1214,124,0,"[-10.0, 11.0]","[0.82519585, -1.0]"
1214,125,0,"[-10.0, 11.0]","[0.41623425, -1.0]"
1214,126,0,"[-10.0, 11.0]","[0.98677385, -1.0]"
1214,127,250,"[161.0, 173.0]","[0.5198962, -1.0]"
1215,0,0,"[-14.0, 105.0]","[0.89219856, -1.0]"
1215,1,0,"[-14.0, 105.0]","[-1.0, -1.0]"
1215,2,0,"[-14.0, 105.0]","[-1.0, -1.0]"
1215,3,0,"[-14.0, 105.0]","[-1.0, -1.0]"
1215,4,0,"[-20.0, 112.0]","[-1.0, -1.0]"
1215,5,0,"[-20.0, 112.0]","[-1.0, -1.0]"
1215,6,0,"[-20.0, 112.0]","[-1.0, -1.0]"
1215,7,0.1,"[-23.0, 111.0]","[-1.0, -1.0]"
1215,8,0,"[-23.0, 111.0]","[0.56602883, -1.0]"
1215,9,0,"[-23.0, 111.0]","[0.7417159, -1.0]"
1215,10,0.1,"[-10.0, 107.0]","[0.7604045, -1.0]"
1215,11,0,"[-10.0, 107.0]","[-1.0, -0.90373117]"
1215,12,0,"[-10.0, 107.0]","[-1.0, -0.9726023]"
1215,13,0.1,"[-10.0, 104.0]","[-0.95122474, -0.7816998]"
1215,14,0,"[-10.0, 104.0]","[-1.0, -0.70400375]"
1215,15,0,"[-10.0, 104.0]","[-1.0, -0.91321754]"
1215,16,0.1,"[-19.0, 100.0]","[-1.0, -0.96971524]"
1215,17,0,"[-19.0, 100.0]","[0.8432047, -1.0]"
1215,18,0,"[-19.0, 100.0]","[0.22700578, -0.97598517]"
1215,19,0.1,"[-5.0, 97.0]","[0.62272626, -0.916998]"
1215,20,0,"[-5.0, 97.0]","[-1.0, -0.9241197]"
1215,21,0,"[-5.0, 97.0]","[-1.0, -0.69138646]"
1215,22,0.1,"[-8.0, 95.0]","[-0.96641886, -0.6761976]"
1215,23,0,"[-8.0, 95.0]","[-0.8513958, -0.53622997]"
1215,24,0,"[-8.0, 95.0]","[-0.7152777, -0.25847852]"
1215,25,0.1,"[-16.0, 92.0]","[-0.8247357, -0.0486002]"
1215,26,0,"[-16.0, 92.0]","[-0.8512914, -0.047864616]"
1215,27,0,"[-16.0, 92.0]","[-0.880017, -0.30447152]"
1215,28,0.1,"[-13.0, 85.0]","[-1.0, -0.35351226]"
1215,29,0,"[-13.0, 85.0]","[-1.0, -0.24169753]"
1215,30,0,"[-13.0, 85.0]","[-1.0, -0.25008062]"
1215,31,0,"[-13.0, 85.0]","[-1.0, -0.2526026]"
1215,32,0,"[-10.0, 88.0]","[-1.0, -0.2950004]"
1215,33,0,"[-10.0, 88.0]","[-1.0, -0.36252958]"
1215,34,0.1,"[-6.0, 86.0]","[-0.9948275, -0.6050995]"
1215,35,0,"[-6.0, 86.0]","[-0.8844338, -0.6651408]"
1215,36,0,"[-6.0, 86.0]","[-0.87565625, -0.8452677]"
1215,37,0.1,"[-3.0, 84.0]","[-1.0, -0.72800547]"
1215,38,0,"[-3.0, 84.0]","[-1.0, -0.87182915]"
1215,39,0,"[-3.0, 84.0]","[-1.0, -1.0]"
1215,40,0,"[-3.0, 84.0]","[-1.0, -0.86007744]"
1215,41,0.1,"[0.0, 81.0]","[-1.0, -0.76292783]"
1215,42,0,"[0.0, 81.0]","[-1.0, -0.79954964]"
1215,43,0,"[0.0, 81.0]","[-1.0, -0.98625255]"
1215,44,0.1,"[3.0, 78.0]","[-1.0, -1.0]"
1215,45,0,"[3.0, 78.0]","[-1.0, -0.9939219]"
1215,46,0,"[3.0, 78.0]","[-1.0, -0.840216]"
1215,47,0.1,"[6.0, 75.0]","[-1.0, -0.9317811]"
1215,48,0,"[6.0, 75.0]","[-1.0, -0.94857335]"
1215,49,0,"[6.0, 75.0]","[-1.0, -0.9246933]"
1215,50,0.1,"[8.0, 73.0]","[-1.0, -1.0]"
1215,51,0,"[8.0, 73.0]","[-1.0, -1.0]"
1215,52,0,"[8.0, 73.0]","[-1.0, -0.7928312]"
1215,53,0.1,"[11.0, 70.0]","[-1.0, -0.8062249]"
1215,54,0,"[11.0, 70.0]","[-1.0, -0.7987958]"
1215,55,0,"[11.0, 70.0]","[-1.0, -0.8030769]"
1215,56,0.1,"[14.0, 68.0]","[-1.0, -0.82650095]"
1215,57,0,"[14.0, 68.0]","[-1.0, -0.757031]"
1215,58,0,"[14.0, 68.0]","[-1.0, -0.82697046]"
1215,59,0.1,"[16.0, 65.0]","[-1.0, -1.0]"
1215,60,0,"[16.0, 65.0]","[-1.0, -1.0]"
1215,61,0,"[16.0, 65.0]","[-1.0, -1.0]"
1215,62,0.1,"[19.0, 63.0]","[-1.0, -1.0]"
1215,63,0,"[19.0, 63.0]","[-1.0, -0.8380667]"
1215,64,0,"[19.0, 63.0]","[-1.0, -1.0]"
1215,65,0.1,"[21.0, 60.0]","[-1.0, -1.0]"
1215,66,0,"[21.0, 60.0]","[-1.0, -1.0]"
1215,67,0,"[21.0, 60.0]","[-1.0, -1.0]"
1215,68,0.1,"[24.0, 58.0]","[-1.0, -0.89493686]"
1215,69,0,"[24.0, 58.0]","[-0.94925994, -0.98710763]"
1215,70,0,"[24.0, 58.0]","[-1.0, -0.87885916]"
1215,71,0.1,"[27.0, 55.0]","[-1.0, -0.99963444]"
1215,72,0,"[27.0, 55.0]","[0.78084564, -0.9947727]"
1215,73,0,"[27.0, 55.0]","[-1.0, -0.7803189]"
1215,74,0,"[38.0, 53.0]","[0.65282375, -0.9673149]"
1215,75,0,"[38.0, 53.0]","[0.5611454, -1.0]"
1215,76,0,"[38.0, 53.0]","[0.53029287, -0.914119]"
1215,77,0,"[48.0, 51.0]","[0.4835741, -0.9875906]"
1215,78,0,"[48.0, 51.0]","[0.68196034, -1.0]"
1215,79,0,"[48.0, 51.0]","[0.79643875, -1.0]"
1215,80,0.1,"[46.0, 48.0]","[1.0, -0.8224926]"
1215,81,0,"[46.0, 48.0]","[0.8868291, -0.7626945]"
1215,82,0,"[46.0, 48.0]","[1.0, -0.9204699]"
1215,83,0,"[46.0, 48.0]","[1.0, -0.99730986]"
1215,84,0.1,"[41.0, 45.0]","[1.0, -1.0]"
1215,85,0,"[41.0, 45.0]","[1.0, -1.0]"
1215,86,0,"[41.0, 45.0]","[1.0, -1.0]"
1215,87,0.1,"[36.0, 42.0]","[0.93270767, -1.0]"
1215,88,0,"[36.0, 42.0]","[0.8962579, -1.0]"
1215,89,0,"[36.0, 42.0]","[0.96926653, -1.0]"
1215,90,0.1,"[32.0, 40.0]","[0.81052226, -1.0]"
1215,91,0,"[32.0, 40.0]","[0.90569055, -1.0]"
1215,92,0,"[32.0, 40.0]","[1.0, -1.0]"
1215,93,0,"[44.0, 37.0]","[1.0, -1.0]"
1215,94,0,"[44.0, 37.0]","[1.0, -1.0]"
1215,95,0,"[44.0, 37.0]","[0.8567581, -1.0]"
1215,96,0.1,"[25.0, 35.0]","[1.0, -1.0]"
1215,97,0,"[25.0, 35.0]","[1.0, -1.0]"
1215,98,0,"[25.0, 35.0]","[1.0, -1.0]"
1215,99,0,"[38.0, 32.0]","[1.0, -1.0]"
1215,100,0,"[38.0, 32.0]","[1.0, -1.0]"
1215,101,0,"[38.0, 32.0]","[1.0, -1.0]"
1215,102,0.1,"[20.0, 29.0]","[1.0, -1.0]"
1215,103,0,"[20.0, 29.0]","[1.0, -1.0]"
1215,104,0,"[20.0, 29.0]","[1.0, -1.0]"
1215,105,0.1,"[17.0, 27.0]","[0.5053515, -1.0]"
1215,106,0,"[17.0, 27.0]","[-1.0, -1.0]"
1215,107,0,"[17.0, 27.0]","[-0.34202963, -1.0]"
1215,108,0.1,"[19.0, 24.0]","[-0.6014032, -0.85111004]"
1215,109,0,"[19.0, 24.0]","[0.890385, -0.87574744]"
1215,110,0,"[19.0, 24.0]","[0.74761295, -0.6700505]"
1215,111,0.1,"[9.0, 22.0]","[1.0, -0.84673315]"
1215,112,0,"[9.0, 22.0]","[-0.9536864, -0.7721044]"
1215,113,0,"[9.0, 22.0]","[-0.88029486, -0.74519897]"
1215,114,0,"[9.0, 22.0]","[-0.71159154, -0.9002875]"
1215,115,0.1,"[2.0, 19.0]","[-0.45893234, -0.8601055]"
1215,116,0,"[2.0, 19.0]","[-0.83598703, -0.38710198]"
1215,117,0,"[2.0, 19.0]","[-0.6927639, -0.5024826]"
1215,118,0,"[15.0, 17.0]","[-0.6447498, -0.5400701]"
1215,119,0,"[15.0, 17.0]","[1.0, -0.5751151]"
1215,120,0,"[15.0, 17.0]","[0.9003477, -0.56330717]"
1215,121,0,"[26.0, 14.0]","[0.9472257, -0.47811624]"
1215,122,0,"[26.0, 14.0]","[1.0, -0.6618959]"
1215,123,0,"[26.0, 14.0]","[1.0, -0.62974477]"
1215,124,0.1,"[23.0, 11.0]","[1.0, -0.46758273]"
1215,125,0,"[23.0, 11.0]","[0.42183644, -0.32350564]"
1215,126,0,"[23.0, 11.0]","[0.7650877, -0.15143043]"
1215,127,0,"[37.0, 9.0]","[1.0, -0.30042335]"
1215,128,0,"[37.0, 9.0]","[-1.0, -0.15063086]"
1215,129,0,"[37.0, 9.0]","[-1.0, -0.3506604]"
1215,130,250,"[224.0, 177.0]","[-1.0, -0.4082101]"
1216,0,0,"[-14.0, 105.0]","[1.0, -1.0]"
1216,1,0,"[-14.0, 105.0]","[-1.0, -0.96756727]"
1216,2,0,"[-14.0, 105.0]","[-1.0, -1.0]"
1216,3,0,"[-14.0, 105.0]","[-0.9732639, -1.0]"
1216,4,0,"[-20.0, 112.0]","[-0.86139, -0.91151226]"
1216,5,0,"[-20.0, 112.0]","[-1.0, -0.8229053]"
1216,6,0,"[-20.0, 112.0]","[-1.0, -0.87770724]"
1216,7,0.1,"[-23.0, 111.0]","[-0.9778294, -1.0]"
1216,8,0,"[-23.0, 111.0]","[-0.61373854, -1.0]"
1216,9,0,"[-23.0, 111.0]","[-0.3197599, -1.0]"
1216,10,0.1,"[-19.0, 107.0]","[-0.055575494, -1.0]"
1216,11,0,"[-19.0, 107.0]","[-0.73506624, -1.0]"
1216,12,0,"[-19.0, 107.0]","[-0.5834152, -1.0]"
1216,13,0,"[-19.0, 107.0]","[-0.607367, -1.0]"
1216,14,0.1,"[-14.0, 103.0]","[-0.73126966, -1.0]"
1216,15,0,"[-14.0, 103.0]","[-0.5539085, -1.0]"
1216,16,0.1,"[-13.0, 100.0]","[-0.691831, -0.97911704]"
1216,17,0,"[-13.0, 100.0]","[-0.52981466, -1.0]"
1216,18,0,"[-13.0, 100.0]","[-0.66406536, -1.0]"
1216,19,0.1,"[-10.0, 98.0]","[-0.585997, -1.0]"
1216,20,0,"[-10.0, 98.0]","[-0.86315316, -1.0]"
1216,21,0,"[-10.0, 98.0]","[-0.7948269, -1.0]"
1216,22,0,"[-10.0, 98.0]","[-0.78459644, -1.0]"
1216,23,0.1,"[-6.0, 95.0]","[-0.67158663, -1.0]"
1216,24,0,"[-6.0, 95.0]","[-0.82958287, -1.0]"
1216,25,0,"[-6.0, 95.0]","[-0.5751299, -0.84516716]"
1216,26,0.1,"[-4.0, 92.0]","[-0.5905189, -0.9094876]"
1216,27,0,"[-4.0, 92.0]","[-0.40209293, -0.9691563]"
1216,28,0,"[-4.0, 92.0]","[-0.1489121, -0.8037824]"
1216,29,0.1,"[-1.0, 90.0]","[-0.40189487, -0.7591077]"
1216,30,0,"[-1.0, 90.0]","[-0.7085179, -0.9570882]"
1216,31,0,"[-1.0, 90.0]","[-0.8216126, -1.0]"
1216,32,0.1,"[3.0, 87.0]","[-0.8981919, -0.79011077]"
1216,33,0,"[3.0, 87.0]","[-0.8403294, -1.0]"
1216,34,0,"[3.0, 87.0]","[-0.77184224, -1.0]"
1216,35,0.1,"[4.0, 84.0]","[-0.9785353, -1.0]"
1216,36,0,"[4.0, 84.0]","[-1.0, -1.0]"
1216,37,0,"[4.0, 84.0]","[-1.0, -1.0]"
1216,38,0.1,"[7.0, 82.0]","[-0.9833078, -1.0]"
1216,39,0,"[7.0, 82.0]","[-1.0, -1.0]"
1216,40,0,"[7.0, 82.0]","[-1.0, -1.0]"
1216,41,0.1,"[10.0, 79.0]","[-1.0, -1.0]"
1216,42,0,"[10.0, 79.0]","[-1.0, -1.0]"
1216,43,0,"[10.0, 79.0]","[-1.0, -0.8966078]"
1216,44,0.1,"[12.0, 77.0]","[-1.0, -0.85887617]"
1216,45,0,"[12.0, 77.0]","[-1.0, -0.8997838]"
1216,46,0,"[12.0, 77.0]","[-1.0, -0.82032186]"
1216,47,0.1,"[15.0, 75.0]","[-1.0, -0.57824713]"
1216,48,0,"[15.0, 75.0]","[-1.0, -0.7865988]"
1216,49,0,"[15.0, 75.0]","[-1.0, -0.7771226]"
1216,50,0.1,"[18.0, 71.0]","[-0.90936947, -0.8321114]"
1216,51,0,"[18.0, 71.0]","[-0.85688436, -0.8757917]"
1216,52,0,"[18.0, 71.0]","[-0.8222546, -0.9937727]"
1216,53,0.1,"[20.0, 69.0]","[-0.7898023, -1.0]"
1216,54,0,"[20.0, 69.0]","[-0.9613913, -1.0]"
1216,55,0,"[20.0, 69.0]","[-1.0, -1.0]"
1216,56,0.1,"[23.0, 66.0]","[-1.0, -1.0]"
1216,57,0,"[23.0, 66.0]","[-1.0, -1.0]"
1216,58,0,"[23.0, 66.0]","[-0.95150876, -0.8531815]"
1216,59,0,"[23.0, 66.0]","[-1.0, -0.8515246]"
1216,60,0.1,"[25.0, 64.0]","[-1.0, -0.89542985]"
1216,61,0,"[25.0, 64.0]","[-0.9021617, -1.0]"
1216,62,0,"[25.0, 64.0]","[-0.9321544, -1.0]"
1216,63,0.1,"[28.0, 61.0]","[-1.0, -1.0]"
1216,64,0,"[28.0, 61.0]","[-1.0, -1.0]"
1216,65,0,"[28.0, 61.0]","[-1.0, -1.0]"
1216,66,0.1,"[31.0, 59.0]","[-1.0, -1.0]"
1216,67,0,"[31.0, 59.0]","[0.73221254, -1.0]"
1216,68,0,"[31.0, 59.0]","[-0.50576544, -1.0]"
1216,69,0,"[42.0, 56.0]","[0.62289643, -1.0]"
1216,70,0,"[42.0, 56.0]","[0.550208, -1.0]"
1216,71,0,"[42.0, 56.0]","[0.7412964, -1.0]"
1216,72,0,"[51.0, 54.0]","[0.682248, -0.858987]"
1216,73,0,"[51.0, 54.0]","[0.584727, -0.8674753]"
1216,74,0,"[51.0, 54.0]","[0.45990863, -0.921792]"
1216,75,0.1,"[51.0, 52.0]","[0.6151517, -1.0]"
1216,76,0,"[51.0, 52.0]","[0.82442164, -0.94242275]"
1216,77,0,"[51.0, 52.0]","[0.7148045, -0.9238524]"
1216,78,0.1,"[46.0, 49.0]","[1.0, -0.69227606]"
1216,79,0,"[46.0, 49.0]","[0.8158037, -0.7305318]"
1216,80,0,"[46.0, 49.0]","[0.5961133, -0.7463864]"
1216,81,0.1,"[41.0, 46.0]","[0.7359254, -0.64684254]"
1216,82,0,"[41.0, 46.0]","[0.8876545, -0.5623642]"
1216,83,0,"[41.0, 46.0]","[1.0, -0.49045348]"
1216,84,0.1,"[37.0, 43.0]","[1.0, -0.45925543]"
1216,85,0,"[37.0, 43.0]","[0.9172629, -0.5015951]"
1216,86,0,"[37.0, 43.0]","[1.0, -0.6406075]"
1216,87,0.1,"[33.0, 41.0]","[1.0, -0.56337446]"
1216,88,0,"[33.0, 41.0]","[0.9818828, -0.6020235]"
1216,89,0,"[33.0, 41.0]","[0.80212146, -0.6093178]"
1216,90,0,"[46.0, 38.0]","[0.83228606, -0.64135665]"
1216,91,0,"[46.0, 38.0]","[0.8199747, -0.7172542]"
1216,92,0,"[46.0, 38.0]","[0.9990245, -0.7545089]"
1216,93,0,"[46.0, 38.0]","[1.0, -0.98221284]"
1216,94,0.1,"[27.0, 36.0]","[1.0, -0.68443596]"
1216,95,0,"[27.0, 36.0]","[1.0, -0.9117153]"
1216,96,0,"[27.0, 36.0]","[1.0, -0.8769114]"
1216,97,0,"[40.0, 33.0]","[1.0, -0.74498177]"
1216,98,0,"[40.0, 33.0]","[1.0, -0.770639]"
1216,99,0,"[40.0, 33.0]","[1.0, -0.8251872]"
1216,100,0.1,"[22.0, 31.0]","[1.0, -0.9411759]"
1216,101,0,"[22.0, 31.0]","[1.0, -0.7518669]"
1216,102,0,"[22.0, 31.0]","[1.0, -0.6737207]"
1216,103,0.1,"[19.0, 28.0]","[1.0, -0.65206695]"
1216,104,0,"[19.0, 28.0]","[1.0, -0.53045183]"
1216,105,0,"[19.0, 28.0]","[1.0, -0.74518216]"
1216,106,0.1,"[17.0, 25.0]","[1.0, -0.92584383]"
1216,107,0,"[17.0, 25.0]","[1.0, -0.9720149]"
1216,108,0,"[17.0, 25.0]","[1.0, -1.0]"
1216,109,0.1,"[14.0, 23.0]","[0.86656433, -1.0]"
1216,110,0,"[14.0, 23.0]","[1.0, -1.0]"
1216,111,0,"[14.0, 23.0]","[0.9654998, -1.0]"
1216,112,0,"[27.0, 20.0]","[0.8991516, -1.0]"
1216,113,0,"[27.0, 20.0]","[0.84482086, -1.0]"
1216,114,0,"[27.0, 20.0]","[0.6240687, -1.0]"
1216,115,0.1,"[9.0, 18.0]","[0.81847966, -1.0]"
1216,116,0,"[9.0, 18.0]","[-0.9800934, -1.0]"
1216,117,0,"[9.0, 18.0]","[0.60030276, -1.0]"
1216,118,0.1,"[-4.0, 15.0]","[-1.0, -1.0]"
1216,119,0,"[-4.0, 15.0]","[0.14174494, -1.0]"
1216,120,0,"[-4.0, 15.0]","[-1.0, -0.9043204]"
1216,121,0.1,"[-4.0, 13.0]","[0.14341776, -0.94717705]"
1216,122,0,"[-4.0, 13.0]","[0.062920526, -1.0]"
1216,123,0,"[-4.0, 13.0]","[0.26489305, -1.0]"
1216,124,0.1,"[-1.0, 10.0]","[0.21408772, -0.9292795]"
1216,125,0,"[-1.0, 10.0]","[-0.81387615, -0.62478006]"
1216,126,0,"[-1.0, 10.0]","[-0.9616933, -0.7131666]"
1216,127,250,"[29.0, -193.0]","[-1.0, -0.6929221]"
1217,0,0,"[-14.0, 105.0]","[-0.9198642, -0.9511574]"
1217,1,0,"[-14.0, 105.0]","[-0.667247, -1.0]"
1217,2,0,"[-14.0, 105.0]","[-0.5425128, -0.96010894]"
1217,3,0,"[-14.0, 105.0]","[-0.3682917, -1.0]"
1217,4,0,"[-23.0, 112.0]","[-0.642134, -1.0]"
1217,5,0,"[-23.0, 112.0]","[0.47468725, -1.0]"
1217,6,0,"[-23.0, 112.0]","[-0.2300378, -0.98015386]"
1217,7,0.1,"[-9.0, 110.0]","[0.26458535, -0.9017799]"
1217,8,0,"[-9.0, 110.0]","[-0.59085125, -0.78241086]"
1217,9,0,"[-9.0, 110.0]","[-0.51944345, -0.83018565]"
1217,10,0.1,"[-13.0, 106.0]","[-0.63908786, -0.76705164]"
1217,11,0,"[-13.0, 106.0]","[-0.7111205, -1.0]"
1217,12,0,"[-13.0, 106.0]","[-0.9005396, -0.90602267]"
1217,13,0.1,"[-17.0, 103.0]","[-1.0, -0.80526906]"
1217,14,0,"[-17.0, 103.0]","[-1.0, -0.95013255]"
1217,15,0,"[-17.0, 103.0]","[-1.0, -0.77202106]"
1217,16,0.1,"[-14.0, 100.0]","[-1.0, -0.904229]"
1217,17,0,"[-14.0, 100.0]","[-1.0, -1.0]"
1217,18,0,"[-14.0, 100.0]","[-0.9531199, -1.0]"
1217,19,0.1,"[-11.0, 98.0]","[-1.0, -1.0]"
1217,20,0,"[-11.0, 98.0]","[-1.0, -0.90941507]"
1217,21,0,"[-11.0, 98.0]","[-0.6827885, -1.0]"
1217,22,0.1,"[-8.0, 95.0]","[-0.47594416, -1.0]"
1217,23,0,"[-8.0, 95.0]","[-0.8287988, -1.0]"
1217,24,0,"[-8.0, 95.0]","[-0.7509246, -1.0]"
1217,25,0.1,"[-5.0, 92.0]","[-0.76117915, -1.0]"
1217,26,0,"[-5.0, 92.0]","[-0.64632094, -1.0]"
1217,27,0,"[-5.0, 92.0]","[-0.59876794, -1.0]"
1217,28,0.1,"[-2.0, 90.0]","[-0.5633494, -1.0]"
1217,29,0,"[-2.0, 90.0]","[-0.9714192, -1.0]"
1217,30,0,"[-2.0, 90.0]","[-0.9069151, -1.0]"
1217,31,0.1,"[1.0, 87.0]","[-0.89852214, -1.0]"
1217,32,0,"[1.0, 87.0]","[-0.80234367, -1.0]"
1217,33,0,"[1.0, 87.0]","[-0.84236073, -1.0]"
1217,34,0,"[1.0, 87.0]","[-0.7595251, -1.0]"
1217,35,0.1,"[4.0, 85.0]","[-0.8007203, -1.0]"
1217,36,0,"[4.0, 85.0]","[-0.8306623, -1.0]"
1217,37,0,"[4.0, 85.0]","[-0.76658195, -1.0]"
1217,38,0.1,"[7.0, 82.0]","[-0.40179726, -1.0]"
1217,39,0,"[7.0, 82.0]","[-0.7474549, -1.0]"
1217,40,0,"[7.0, 82.0]","[-0.8747926, -1.0]"
1217,41,0.1,"[9.0, 80.0]","[-1.0, -1.0]"
1217,42,0,"[9.0, 80.0]","[-0.8363871, -1.0]"
1217,43,0,"[9.0, 80.0]","[-0.5146797, -1.0]"
1217,44,0.1,"[12.0, 77.0]","[-0.30520865, -1.0]"
1217,45,0,"[12.0, 77.0]","[-0.1026842, -1.0]"
1217,46,0,"[12.0, 77.0]","[0.028415158, -1.0]"
1217,47,0.1,"[18.0, 75.0]","[0.070108145, -1.0]"
1217,48,0,"[18.0, 75.0]","[0.08878572, -1.0]"
1217,49,0,"[18.0, 75.0]","[-0.30750152, -1.0]"
1217,50,0,"[28.0, 72.0]","[-0.2618689, -0.98199344]"
1217,51,0,"[28.0, 72.0]","[-0.61862296, -0.99233586]"
1217,52,0,"[28.0, 72.0]","[-0.87154377, -1.0]"
1217,53,0.1,"[16.0, 69.0]","[-1.0, -1.0]"
1217,54,0,"[16.0, 69.0]","[-1.0, -1.0]"
1217,55,0,"[16.0, 69.0]","[-1.0, -1.0]"
1217,56,0.1,"[16.0, 67.0]","[-1.0, -1.0]"
1217,57,0,"[16.0, 67.0]","[-1.0, -1.0]"
1217,58,0,"[16.0, 67.0]","[-0.87281644, -1.0]"
1217,59,0.1,"[20.0, 64.0]","[-0.850449, -1.0]"
1217,60,0,"[20.0, 64.0]","[-0.78252447, -1.0]"
1217,61,0,"[20.0, 64.0]","[-0.83802825, -1.0]"
1217,62,0.1,"[23.0, 62.0]","[-0.74734515, -1.0]"
1217,63,0,"[23.0, 62.0]","[-0.8495992, -1.0]"
1217,64,0,"[23.0, 62.0]","[-0.9319722, -1.0]"
1217,65,0.1,"[26.0, 59.0]","[-0.86085385, -1.0]"
1217,66,0,"[26.0, 59.0]","[1.0, -1.0]"
1217,67,0,"[26.0, 59.0]","[-0.7089689, -1.0]"
1217,68,0,"[38.0, 57.0]","[1.0, -0.9424804]"
1217,69,0,"[38.0, 57.0]","[0.8084868, -1.0]"
1217,70,0,"[38.0, 57.0]","[0.95411885, -1.0]"
1217,71,0,"[47.0, 55.0]","[0.75134, -1.0]"
1217,72,0,"[47.0, 55.0]","[0.8969507, -1.0]"
1217,73,0,"[47.0, 55.0]","[0.7340416, -0.9006752]"
1217,74,0,"[47.0, 55.0]","[0.73099864, -0.6741803]"
1217,75,0.1,"[45.0, 52.0]","[0.8392705, -0.9670177]"
1217,76,0,"[45.0, 52.0]","[1.0, -0.89076096]"
1217,77,0,"[45.0, 52.0]","[1.0, -0.8355579]"
1217,78,0.1,"[40.0, 49.0]","[0.8827489, -0.7762406]"
1217,79,0,"[40.0, 49.0]","[1.0, -0.5729698]"
1217,80,0,"[40.0, 49.0]","[1.0, -0.57422507]"
1217,81,0.1,"[35.0, 46.0]","[1.0, -0.48329526]"
1217,82,0,"[35.0, 46.0]","[1.0, -0.54845524]"
1217,83,0,"[35.0, 46.0]","[1.0, -0.79664844]"
1217,84,0.1,"[31.0, 44.0]","[1.0, -1.0]"
1217,85,0,"[31.0, 44.0]","[1.0, -1.0]"
1217,86,0,"[31.0, 44.0]","[1.0, -0.93177015]"
1217,87,0.1,"[28.0, 41.0]","[1.0, -1.0]"
1217,88,0,"[28.0, 41.0]","[1.0, -1.0]"
1217,89,0,"[28.0, 41.0]","[0.6941502, -1.0]"
1217,90,0,"[41.0, 38.0]","[0.7769348, -1.0]"
1217,91,0,"[41.0, 38.0]","[0.9326181, -1.0]"
1217,92,0,"[41.0, 38.0]","[1.0, -1.0]"
1217,93,0.1,"[22.0, 36.0]","[1.0, -1.0]"
1217,94,0,"[22.0, 36.0]","[0.7998407, -1.0]"
1217,95,0,"[22.0, 36.0]","[1.0, -1.0]"
1217,96,0.1,"[19.0, 33.0]","[0.98432624, -0.9044093]"
1217,97,0,"[19.0, 33.0]","[1.0, -0.8253056]"
1217,98,0,"[19.0, 33.0]","[1.0, -0.81061137]"
1217,99,0.1,"[16.0, 31.0]","[1.0, -0.88229996]"
1217,100,0,"[16.0, 31.0]","[0.1112647, -1.0]"
1217,101,0,"[16.0, 31.0]","[0.93965393, -1.0]"
1217,102,0.1,"[11.0, 28.0]","[0.015464224, -1.0]"
1217,103,0,"[11.0, 28.0]","[-0.85715914, -1.0]"
1217,104,0,"[11.0, 28.0]","[-0.6504608, -1.0]"
1217,105,0.1,"[13.0, 26.0]","[-0.81267107, -1.0]"
1217,106,0,"[13.0, 26.0]","[0.41688567, -0.9351865]"
1217,107,0,"[13.0, 26.0]","[-0.7688121, -0.8420327]"
1217,108,0,"[20.0, 23.0]","[0.14514765, -0.7607846]"
1217,109,0,"[20.0, 23.0]","[0.9473028, -0.7215458]"
1217,110,0,"[20.0, 23.0]","[0.6123964, -0.7998532]"
1217,111,0,"[30.0, 20.0]","[0.8627391, -0.7687947]"
1217,112,0,"[30.0, 20.0]","[1.0, -0.7286682]"
1217,113,0,"[30.0, 20.0]","[1.0, -0.7756806]"
1217,114,0,"[30.0, 20.0]","[1.0, -0.83787376]"
1217,115,0.1,"[15.0, 18.0]","[1.0, -1.0]"
1217,116,0,"[15.0, 18.0]","[0.9103295, -1.0]"
1217,117,0,"[15.0, 18.0]","[0.788125, -1.0]"
1217,118,0,"[28.0, 15.0]","[0.6433285, -1.0]"
1217,119,0,"[28.0, 15.0]","[0.7456141, -1.0]"
1217,120,0,"[28.0, 15.0]","[0.83512706, -1.0]"
1217,121,0.1,"[24.0, 13.0]","[0.8890342, -1.0]"
1217,122,0,"[24.0, 13.0]","[0.7876381, -1.0]"
1217,123,0,"[24.0, 13.0]","[0.7265598, -1.0]"
1217,124,0.1,"[5.0, 10.0]","[0.91228056, -1.0]"
1217,125,0,"[5.0, 10.0]","[-0.70694625, -1.0]"
1217,126,0,"[5.0, 10.0]","[-0.32022163, -1.0]"
1217,127,0.1,"[-7.0, 8.0]","[-0.0070342096, -1.0]"
1217,128,0,"[-7.0, 8.0]","[1.0, -1.0]"
1217,129,0,"[-7.0, 8.0]","[1.0, -1.0]"
1217,130,250,"[164.0, 166.0]","[1.0, -1.0]"
1218,0,0,"[-14.0, 105.0]","[0.8937711, -0.9880327]"
1218,1,0,"[-14.0, 105.0]","[-0.9066783, -0.97169256]"
1218,2,0,"[-14.0, 105.0]","[-0.92002445, -0.8814687]"
1218,3,0,"[-14.0, 105.0]","[-0.8953143, -0.69843596]"
1218,4,0,"[-22.0, 112.0]","[-0.7752527, -0.76643467]"
1218,5,0,"[-22.0, 112.0]","[1.0, -0.69680125]"
1218,6,0,"[-22.0, 112.0]","[1.0, -0.9740816]"
1218,7,0.1,"[-11.0, 110.0]","[1.0, -0.8938649]"
1218,8,0,"[-11.0, 110.0]","[-1.0, -0.81469166]"
1218,9,0,"[-11.0, 110.0]","[-0.86548316, -0.77751833]"
1218,10,0.1,"[-15.0, 106.0]","[-1.0, -1.0]"
1218,11,0,"[-15.0, 106.0]","[-1.0, -1.0]"
1218,12,0,"[-15.0, 106.0]","[-1.0, -1.0]"
1218,13,0.1,"[-22.0, 103.0]","[-1.0, -1.0]"
1218,14,0,"[-22.0, 103.0]","[0.91143185, -1.0]"
1218,15,0,"[-22.0, 103.0]","[0.6959666, -0.824921]"
1218,16,0.1,"[-6.0, 100.0]","[0.73366606, -0.9612041]"
1218,17,0,"[-6.0, 100.0]","[-1.0, -0.6712843]"
1218,18,0,"[-6.0, 100.0]","[-1.0, -0.8954243]"
1218,19,0.1,"[-13.0, 97.0]","[-1.0, -1.0]"
1218,20,0,"[-13.0, 97.0]","[-1.0, -1.0]"
1218,21,0,"[-13.0, 97.0]","[-1.0, -0.8816759]"
1218,22,0,"[-13.0, 97.0]","[-1.0, -1.0]"
1218,23,0.1,"[-19.0, 95.0]","[-1.0, -0.8863288]"
1218,24,0,"[-19.0, 95.0]","[1.0, -0.6940679]"
1218,25,0,"[-19.0, 95.0]","[0.94798577, -0.79119074]"
1218,26,0.1,"[-8.0, 92.0]","[1.0, -0.6813851]"
1218,27,0,"[-8.0, 92.0]","[-0.8849048, -0.8263423]"
1218,28,0,"[-8.0, 92.0]","[-0.92672247, -1.0]"
1218,29,0.1,"[-3.0, 89.0]","[-1.0, -0.9706947]"
1218,30,0,"[-3.0, 89.0]","[-0.94668883, -1.0]"
1218,31,0,"[-3.0, 89.0]","[-0.8407713, -1.0]"
1218,32,0.1,"[-15.0, 87.0]","[-1.0, -1.0]"
1218,33,0,"[-15.0, 87.0]","[0.85400355, -1.0]"
1218,34,0,"[-15.0, 87.0]","[0.59559274, -1.0]"
1218,35,0.1,"[-4.0, 85.0]","[0.6336653, -1.0]"
1218,36,0,"[-4.0, 85.0]","[-0.97325927, -1.0]"
1218,37,0,"[-4.0, 85.0]","[-1.0, -0.86967903]"
1218,38,0.1,"[-3.0, 81.0]","[-1.0, -0.7121159]"
1218,39,0,"[-3.0, 81.0]","[-1.0, -0.6439642]"
1218,40,0,"[-3.0, 81.0]","[-1.0, -0.7696235]"
1218,41,0.1,"[-13.0, 79.0]","[-0.94474995, -0.65511346]"
1218,42,0,"[-13.0, 79.0]","[0.7699001, -0.6646859]"
1218,43,0,"[-13.0, 79.0]","[-0.88826454, -0.66103446]"
1218,44,0.1,"[1.0, 76.0]","[0.7896678, -0.59990263]"
1218,45,0,"[1.0, 76.0]","[-1.0, -0.4921679]"
1218,46,0,"[1.0, 76.0]","[-0.85310096, -0.8948822]"
1218,47,0.1,"[-3.0, 74.0]","[-0.9808943, -1.0]"
1218,48,0,"[-3.0, 74.0]","[-1.0, -1.0]"
1218,49,0,"[-3.0, 74.0]","[-1.0, -1.0]"
1218,50,0.1,"[-8.0, 71.0]","[-1.0, -1.0]"
1218,51,0,"[-8.0, 71.0]","[-1.0, -0.8893103]"
1218,52,0,"[-8.0, 71.0]","[-1.0, -0.9168689]"
1218,53,0.1,"[-5.0, 69.0]","[-0.934146, -0.7692446]"
1218,54,0,"[-5.0, 69.0]","[-0.9947655, -0.7298144]"
1218,55,0,"[-5.0, 69.0]","[-1.0, -0.74214804]"
1218,56,0.1,"[-2.0, 66.0]","[-1.0, -0.84413683]"
1218,57,0,"[-2.0, 66.0]","[-1.0, -0.73754996]"
1218,58,0,"[-2.0, 66.0]","[-1.0, -0.6131485]"
1218,59,0.1,"[2.0, 63.0]","[-1.0, -0.5946956]"
1218,60,0,"[2.0, 63.0]","[-1.0, -0.5436503]"
1218,61,0,"[2.0, 63.0]","[-1.0, -0.79192424]"
1218,62,0,"[2.0, 63.0]","[-1.0, -0.9792034]"
1218,63,0.1,"[5.0, 61.0]","[-1.0, -0.8924917]"
1218,64,0,"[5.0, 61.0]","[-0.81091976, -1.0]"
1218,65,0,"[5.0, 61.0]","[-0.73092794, -1.0]"
1218,66,0.1,"[8.0, 58.0]","[-0.80938035, -1.0]"
1218,67,0,"[8.0, 58.0]","[-0.88522387, -1.0]"
1218,68,0,"[8.0, 58.0]","[-0.9757147, -1.0]"
1218,69,0.1,"[10.0, 56.0]","[-1.0, -1.0]"
1218,70,0,"[10.0, 56.0]","[-1.0, -0.87875384]"
1218,71,0,"[10.0, 56.0]","[-1.0, -1.0]"
1218,72,0.1,"[13.0, 53.0]","[-1.0, -1.0]"
1218,73,0,"[13.0, 53.0]","[-0.9358127, -1.0]"
1218,74,0,"[13.0, 53.0]","[-0.69160265, -0.94438326]"
1218,75,0.1,"[16.0, 51.0]","[-0.84448063, -0.8732219]"
1218,76,0,"[16.0, 51.0]","[-1.0, -0.72175556]"
1218,77,0,"[16.0, 51.0]","[-0.9725117, -0.983953]"
1218,78,0.1,"[18.0, 48.0]","[-0.8613675, -0.9486792]"
1218,79,0,"[18.0, 48.0]","[-0.8315135, -0.9827928]"
1218,80,0,"[18.0, 48.0]","[-0.80374306, -0.6696704]"
1218,81,0.1,"[21.0, 46.0]","[-0.7213783, -0.66989267]"
1218,82,0,"[21.0, 46.0]","[1.0, -1.0]"
1218,83,0,"[21.0, 46.0]","[0.043627564, -1.0]"
1218,84,0,"[34.0, 43.0]","[1.0, -0.8151902]"
1218,85,0,"[34.0, 43.0]","[1.0, -1.0]"
1218,86,0,"[34.0, 43.0]","[0.83716416, -1.0]"
1218,87,0,"[42.0, 41.0]","[0.998799, -1.0]"
1218,88,0,"[42.0, 41.0]","[1.0, -1.0]"
1218,89,0,"[42.0, 41.0]","[1.0, -1.0]"
1218,90,0.1,"[39.0, 38.0]","[1.0, -1.0]"
1218,91,0,"[39.0, 38.0]","[1.0, -1.0]"
1218,92,0,"[39.0, 38.0]","[1.0, -1.0]"
1218,93,0.1,"[34.0, 35.0]","[1.0, -0.98115575]"
1218,94,0,"[34.0, 35.0]","[1.0, -0.74008036]"
1218,95,0,"[34.0, 35.0]","[1.0, -0.53264415]"
1218,96,0.1,"[30.0, 33.0]","[1.0, -0.7783045]"
1218,97,0,"[30.0, 33.0]","[1.0, -1.0]"
1218,98,0,"[30.0, 33.0]","[1.0, -1.0]"
1218,99,0,"[42.0, 30.0]","[1.0, -1.0]"
1218,100,0,"[42.0, 30.0]","[1.0, -0.76776856]"
1218,101,0,"[42.0, 30.0]","[1.0, -0.58105904]"
1218,102,0.1,"[22.0, 28.0]","[1.0, -0.6678971]"
1218,103,0,"[22.0, 28.0]","[1.0, -0.85424685]"
1218,104,0,"[22.0, 28.0]","[1.0, -0.84999067]"
1218,105,0,"[22.0, 28.0]","[1.0, -0.8665319]"
1218,106,0.1,"[19.0, 25.0]","[0.8159806, -0.5700704]"
1218,107,0,"[19.0, 25.0]","[0.9716717, -0.57762146]"
1218,108,0,"[19.0, 25.0]","[1.0, -0.55772823]"
1218,109,0,"[32.0, 23.0]","[1.0, -0.40260717]"
1218,110,0,"[32.0, 23.0]","[0.9379399, -0.5649896]"
1218,111,0,"[32.0, 23.0]","[0.68089956, -0.6959945]"
1218,112,0.1,"[14.0, 20.0]","[0.57341164, -0.5655701]"
1218,113,0,"[14.0, 20.0]","[1.0, -0.7992518]"
1218,114,0,"[14.0, 20.0]","[1.0, -0.82021785]"
1218,115,0.1,"[11.0, 18.0]","[1.0, -0.7713087]"
1218,116,0,"[11.0, 18.0]","[0.88887835, -0.68141204]"
1218,117,0,"[11.0, 18.0]","[0.89620507, -0.7146951]"
1218,118,0.1,"[8.0, 15.0]","[0.9351277, -0.5599205]"
1218,119,0,"[8.0, 15.0]","[-0.50601953, -0.627323]"
1218,120,0,"[8.0, 15.0]","[0.6084941, -0.65626717]"
1218,121,0,"[13.0, 12.0]","[-0.0894249, -0.7608449]"
1218,122,0,"[13.0, 12.0]","[0.7322919, -0.80610174]"
1218,123,0,"[13.0, 12.0]","[0.69376403, -0.9029426]"
1218,124,0.1,"[-1.0, 10.0]","[0.9510285, -0.841285]"
1218,125,0,"[-1.0, 10.0]","[-1.0, -0.871873]"
1218,126,0,"[-1.0, 10.0]","[-1.0, -1.0]"
1218,127,250,"[171.0, 177.0]","[-1.0, -0.8807753]"
1219,0,0,"[-14.0, 105.0]","[0.9401234, -0.6054383]"
1219,1,0,"[-14.0, 105.0]","[-1.0, -0.8278737]"
1219,2,0,"[-14.0, 105.0]","[-1.0, -0.6472459]"
1219,3,0,"[-14.0, 105.0]","[-1.0, -0.641351]"
1219,4,0,"[-21.0, 112.0]","[-1.0, -0.7507884]"
1219,5,0,"[-21.0, 112.0]","[0.9767538, -0.6547728]"
1219,6,0,"[-21.0, 112.0]","[0.81447405, -0.88510865]"
1219,7,0.1,"[-11.0, 110.0]","[0.8062176, -1.0]"
1219,8,0,"[-11.0, 110.0]","[-1.0, -1.0]"
1219,9,0,"[-11.0, 110.0]","[-1.0, -1.0]"
1219,10,0.1,"[-15.0, 106.0]","[-0.91561997, -0.99719185]"
1219,11,0,"[-15.0, 106.0]","[-1.0, -0.9341981]"
1219,12,0,"[-15.0, 106.0]","[-1.0, -1.0]"
1219,13,0.1,"[-22.0, 103.0]","[-0.9892483, -1.0]"
1219,14,0,"[-22.0, 103.0]","[1.0, -1.0]"
1219,15,0,"[-22.0, 103.0]","[1.0, -1.0]"
1219,16,0.1,"[-7.0, 100.0]","[1.0, -1.0]"
1219,17,0,"[-7.0, 100.0]","[-0.73452646, -1.0]"
1219,18,0,"[-7.0, 100.0]","[-0.8389891, -1.0]"
1219,19,0.1,"[-12.0, 97.0]","[-0.7812947, -1.0]"
1219,20,0,"[-12.0, 97.0]","[-0.8572948, -0.99914736]"
1219,21,0,"[-12.0, 97.0]","[-1.0, -0.88632494]"
1219,22,0.1,"[-19.0, 95.0]","[-1.0, -0.69639033]"
1219,23,0,"[-19.0, 95.0]","[1.0, -0.62222093]"
1219,24,0,"[-19.0, 95.0]","[1.0, -0.49102575]"
1219,25,0.1,"[-4.0, 92.0]","[1.0, -0.8489029]"
1219,26,0,"[-4.0, 92.0]","[-0.15689649, -0.864021]"
1219,27,0,"[-4.0, 92.0]","[-0.18444574, -0.9867119]"
1219,28,0.1,"[-7.0, 89.0]","[-0.5707771, -1.0]"
1219,29,0,"[-7.0, 89.0]","[-0.6406235, -1.0]"
1219,30,0,"[-7.0, 89.0]","[-0.57736635, -1.0]"
1219,31,0.1,"[-16.0, 87.0]","[-0.52194303, -1.0]"
1219,32,0,"[-16.0, 87.0]","[1.0, -1.0]"
1219,33,0,"[-16.0, 87.0]","[1.0, -1.0]"
1219,34,0.1,"[0.0, 84.0]","[0.8169054, -1.0]"
1219,35,0,"[0.0, 84.0]","[-0.7508382, -1.0]"
1219,36,0,"[0.0, 84.0]","[-0.8404147, -1.0]"
1219,37,0.1,"[-9.0, 81.0]","[-0.72445464, -1.0]"
1219,38,0,"[-9.0, 81.0]","[-0.95800155, -1.0]"
1219,39,0,"[-9.0, 81.0]","[-1.0, -1.0]"
1219,40,0,"[-9.0, 81.0]","[-1.0, -1.0]"
1219,41,0.1,"[-14.0, 79.0]","[-0.9883277, -1.0]"
1219,42,0,"[-14.0, 79.0]","[0.91671896, -1.0]"
1219,43,0,"[-14.0, 79.0]","[0.8944155, -1.0]"
1219,44,0.1,"[-3.0, 76.0]","[0.728669, -1.0]"
1219,45,0,"[-3.0, 76.0]","[-1.0, -1.0]"
1219,46,0,"[-3.0, 76.0]","[-1.0, -1.0]"
1219,47,0.1,"[0.0, 74.0]","[-1.0, -1.0]"
1219,48,0,"[0.0, 74.0]","[-1.0, -1.0]"
1219,49,0,"[0.0, 74.0]","[-1.0, -1.0]"
1219,50,0.1,"[-11.0, 71.0]","[-0.9321709, -1.0]"
1219,51,0,"[-11.0, 71.0]","[0.39777833, -1.0]"
1219,52,0,"[-11.0, 71.0]","[-0.9231824, -1.0]"
1219,53,0.1,"[1.0, 68.0]","[0.07793047, -1.0]"
1219,54,0,"[1.0, 68.0]","[-1.0, -1.0]"
1219,55,0,"[1.0, 68.0]","[-1.0, -1.0]"
1219,56,0.1,"[-2.0, 66.0]","[-1.0, -1.0]"
1219,57,0,"[-2.0, 66.0]","[-1.0, -1.0]"
1219,58,0,"[-2.0, 66.0]","[-1.0, -1.0]"
1219,59,0.1,"[-5.0, 63.0]","[-1.0, -1.0]"
1219,60,0,"[-5.0, 63.0]","[-1.0, -1.0]"
1219,61,0,"[-5.0, 63.0]","[-0.9869425, -1.0]"
1219,62,0.1,"[-2.0, 61.0]","[-0.828933, -0.8931909]"
1219,63,0,"[-2.0, 61.0]","[-0.83633345, -0.96313065]"
1219,64,0,"[-2.0, 61.0]","[-0.76024365, -1.0]"
1219,65,0.1,"[2.0, 58.0]","[-0.91105515, -1.0]"
1219,66,0,"[2.0, 58.0]","[-1.0, -1.0]"
1219,67,0,"[2.0, 58.0]","[-0.931439, -1.0]"
1219,68,0,"[21.0, 56.0]","[-0.93116707, -1.0]"
1219,69,0,"[21.0, 56.0]","[-1.0, -1.0]"
1219,70,0,"[21.0, 56.0]","[-1.0, -1.0]"
1219,71,0.1,"[8.0, 53.0]","[-1.0, -1.0]"
1219,72,0,"[8.0, 53.0]","[-1.0, -0.85789645]"
1219,73,0,"[8.0, 53.0]","[-1.0, -1.0]"
1219,74,0.1,"[11.0, 51.0]","[-1.0, -1.0]"
1219,75,0,"[11.0, 51.0]","[-1.0, -1.0]"
1219,76,0,"[11.0, 51.0]","[-1.0, -0.9490184]"
1219,77,0,"[11.0, 51.0]","[-1.0, -0.84749055]"
1219,78,0.1,"[13.0, 48.0]","[-1.0, -1.0]"
1219,79,0,"[13.0, 48.0]","[-1.0, -1.0]"
1219,80,0,"[13.0, 48.0]","[-1.0, -1.0]"
1219,81,0.1,"[16.0, 46.0]","[-1.0, -1.0]"
1219,82,0,"[16.0, 46.0]","[-1.0, -1.0]"
1219,83,0,"[16.0, 46.0]","[-1.0, -0.9592191]"
1219,84,0.1,"[18.0, 43.0]","[-1.0, -0.978562]"
1219,85,0,"[18.0, 43.0]","[-0.7768747, -0.9665539]"
1219,86,0,"[18.0, 43.0]","[-1.0, -1.0]"
1219,87,0.1,"[21.0, 41.0]","[-0.9313279, -0.97208345]"
1219,88,0,"[21.0, 41.0]","[1.0, -0.8635218]"
1219,89,0,"[21.0, 41.0]","[1.0, -1.0]"
1219,90,0,"[34.0, 38.0]","[1.0, -1.0]"
1219,91,0,"[34.0, 38.0]","[1.0, -1.0]"
1219,92,0,"[34.0, 38.0]","[1.0, -0.8998771]"
1219,93,0,"[43.0, 36.0]","[1.0, -1.0]"
1219,94,0,"[43.0, 36.0]","[1.0, -1.0]"
1219,95,0,"[43.0, 36.0]","[1.0, -1.0]"
1219,96,0.1,"[39.0, 33.0]","[1.0, -1.0]"
1219,97,0,"[39.0, 33.0]","[1.0, -1.0]"
1219,98,0,"[39.0, 33.0]","[1.0, -0.9212288]"
1219,99,0,"[49.0, 30.0]","[1.0, -0.83637273]"
1219,100,0,"[49.0, 30.0]","[1.0, -0.81885654]"
1219,101,0,"[49.0, 30.0]","[1.0, -1.0]"
1219,102,0.1,"[29.0, 28.0]","[1.0, -0.8763936]"
1219,103,0,"[29.0, 28.0]","[1.0, -0.841786]"
1219,104,0,"[29.0, 28.0]","[1.0, -0.6351699]"
1219,105,0.1,"[25.0, 25.0]","[1.0, -0.95322555]"
1219,106,0,"[25.0, 25.0]","[1.0, -0.9832396]"
1219,107,0,"[25.0, 25.0]","[0.59798217, -1.0]"
1219,108,0,"[38.0, 23.0]","[0.7941187, -1.0]"
1219,109,0,"[38.0, 23.0]","[0.5136616, -1.0]"
1219,110,0,"[38.0, 23.0]","[0.52281606, -0.97796744]"
1219,111,0.1,"[19.0, 20.0]","[0.81302565, -1.0]"
1219,112,0,"[19.0, 20.0]","[0.861419, -0.9840732]"
1219,113,0,"[19.0, 20.0]","[0.6504449, -1.0]"
1219,114,0.1,"[16.0, 18.0]","[0.64664114, -1.0]"
1219,115,0,"[16.0, 18.0]","[0.51055187, -0.90235734]"
1219,116,0,"[16.0, 18.0]","[0.31699052, -1.0]"
1219,117,0,"[29.0, 15.0]","[0.4610525, -0.9938467]"
1219,118,0,"[29.0, 15.0]","[0.539036, -1.0]"
1219,119,0,"[29.0, 15.0]","[0.5325276, -1.0]"
1219,120,0.1,"[10.0, 12.0]","[0.6246834, -0.9872138]"
1219,121,0,"[10.0, 12.0]","[0.84868747, -1.0]"
1219,122,0,"[10.0, 12.0]","[0.6864887, -1.0]"
1219,123,0.1,"[8.0, 10.0]","[0.85271955, -1.0]"
1219,124,0,"[8.0, 10.0]","[-0.5246349, -1.0]"
1219,125,0,"[8.0, 10.0]","[-0.57820773, -1.0]"
1219,126,0.1,"[-9.0, 7.0]","[-0.66852903, -1.0]"
1219,127,0,"[-9.0, 7.0]","[0.97900724, -1.0]"
1219,128,0,"[-9.0, 7.0]","[0.528155, -1.0]"
1219,129,0,"[-9.0, 7.0]","[0.8029346, -1.0]"
1219,130,0,"[17.0, 5.0]","[0.5641695, -1.0]"
1219,131,0,"[17.0, 5.0]","[-1.0, -1.0]"
1219,132,0,"[17.0, 5.0]","[-1.0, -0.93498904]"
1219,133,250,"[182.0, 153.0]","[-1.0, -0.7385064]"
