630,0,0,"[-14.0, 104.0]","[1.0, -1.0]"
630,1,0,"[-14.0, 104.0]","[-0.78483534, -1.0]"
630,2,0,"[-14.0, 104.0]","[-0.59695154, -1.0]"
630,3,0,"[-14.0, 104.0]","[-0.90770495, -1.0]"
630,4,0,"[-22.0, 112.0]","[-0.78997856, -1.0]"
630,5,0,"[-22.0, 112.0]","[-0.6271156, -0.9031217]"
630,6,0,"[-22.0, 112.0]","[-0.3866747, -0.230556]"
630,7,0.1,"[-23.0, 110.0]","[-0.39481065, -0.66127664]"
630,8,0,"[-23.0, 110.0]","[-0.5646643, -1.0]"
630,9,0,"[-23.0, 110.0]","[-0.49141815, -1.0]"
630,10,0,"[-23.0, 110.0]","[-0.5835337, -1.0]"
630,11,0.1,"[-19.0, 106.0]","[-0.63702315, -1.0]"
630,12,0,"[-19.0, 106.0]","[-0.95313066, -1.0]"
630,13,0,"[-19.0, 106.0]","[-0.5616746, -1.0]"
630,14,0.1,"[-15.0, 103.0]","[-0.22847931, -0.8753795]"
630,15,0,"[-15.0, 103.0]","[-0.96620584, -0.44147196]"
630,16,0,"[-15.0, 103.0]","[-0.8952453, -0.6669708]"
630,17,0.1,"[-12.0, 100.0]","[-0.94725364, -0.49069202]"
630,18,0,"[-12.0, 100.0]","[-1.0, -0.6328281]"
630,19,0,"[-12.0, 100.0]","[-1.0, -0.7207558]"
630,20,0,"[-12.0, 100.0]","[-0.9428247, -0.7193886]"
630,21,0.1,"[-9.0, 97.0]","[-0.7850833, -0.9714504]"
630,22,0,"[-9.0, 97.0]","[-1.0, -0.8950223]"
630,23,0,"[-9.0, 97.0]","[-1.0, -1.0]"
630,24,0.1,"[-6.0, 94.0]","[-1.0, -1.0]"
630,25,0,"[-6.0, 94.0]","[-1.0, -1.0]"
630,26,0,"[-6.0, 94.0]","[-0.8523671, -1.0]"
630,27,0.1,"[-3.0, 92.0]","[-0.7389975, -1.0]"
630,28,0,"[-3.0, 92.0]","[-1.0, -1.0]"
630,29,0,"[-3.0, 92.0]","[-1.0, -0.81294453]"
630,30,0.1,"[0.0, 89.0]","[-0.85901606, -0.4905168]"
630,31,0,"[0.0, 89.0]","[-0.69928396, -0.6773315]"
630,32,0,"[0.0, 89.0]","[-0.74491286, -0.7437316]"
630,33,0,"[0.0, 89.0]","[-0.6565609, -0.6045308]"
630,34,0.1,"[3.0, 86.0]","[-0.916515, -0.827901]"
630,35,0,"[3.0, 86.0]","[-0.6560551, -1.0]"
630,36,0,"[3.0, 86.0]","[-0.15920597, -1.0]"
630,37,0.1,"[6.0, 84.0]","[-0.2718415, -1.0]"
630,38,0,"[6.0, 84.0]","[-0.062766686, -1.0]"
630,39,0,"[6.0, 84.0]","[0.3043174, -1.0]"
630,40,0.1,"[16.0, 81.0]","[0.008555147, -1.0]"
630,41,0,"[16.0, 81.0]","[1.0, -1.0]"
630,42,0,"[16.0, 81.0]","[1.0, -1.0]"
630,43,0,"[16.0, 81.0]","[1.0, -1.0]"
630,44,0,"[25.0, 79.0]","[1.0, -1.0]"
630,45,0,"[25.0, 79.0]","[1.0, -1.0]"
630,46,0,"[25.0, 79.0]","[1.0, -1.0]"
630,47,0.1,"[24.0, 76.0]","[1.0, -1.0]"
630,48,0,"[24.0, 76.0]","[1.0, -1.0]"
630,49,0,"[24.0, 76.0]","[1.0, -1.0]"
630,50,0.1,"[19.0, 74.0]","[1.0, -1.0]"
630,51,0,"[19.0, 74.0]","[1.0, -1.0]"
630,52,0,"[19.0, 74.0]","[1.0, -1.0]"
630,53,0,"[19.0, 74.0]","[1.0, -1.0]"
630,54,0.1,"[15.0, 71.0]","[1.0, -1.0]"
630,55,0,"[15.0, 71.0]","[1.0, -1.0]"
630,56,0,"[15.0, 71.0]","[1.0, -1.0]"
630,57,0.1,"[11.0, 68.0]","[1.0, -1.0]"
630,58,0,"[11.0, 68.0]","[0.7462549, -1.0]"
630,59,0,"[11.0, 68.0]","[0.9245784, -0.57205474]"
630,60,0.1,"[7.0, 66.0]","[0.73820335, -0.7437941]"
630,61,0,"[7.0, 66.0]","[-0.2472337, -0.6694756]"
630,62,0,"[7.0, 66.0]","[0.20163241, -0.7487307]"
630,63,0.1,"[-6.0, 63.0]","[0.023774846, -0.61987835]"
630,64,0,"[-6.0, 63.0]","[-1.0, -1.0]"
630,65,0,"[-6.0, 63.0]","[-0.33180386, -0.8708007]"
630,66,0,"[-6.0, 63.0]","[0.011462587, -1.0]"
630,67,0.1,"[4.0, 61.0]","[-0.105790265, -1.0]"
630,68,0,"[4.0, 61.0]","[-0.37802517, -0.9491344]"
630,69,0,"[4.0, 61.0]","[-0.4296888, -0.24536116]"
630,70,0.1,"[-11.0, 58.0]","[-0.43834588, -0.40986454]"
630,71,0,"[-11.0, 58.0]","[-0.67352116, -0.23524657]"
630,72,0,"[-11.0, 58.0]","[-0.56660974, -0.16131608]"
630,73,0.1,"[-10.0, 55.0]","[-0.9285235, -0.13493586]"
630,74,0,"[-10.0, 55.0]","[-0.87443167, -0.94666547]"
630,75,0,"[-10.0, 55.0]","[-1.0, -0.8981143]"
630,76,0,"[-10.0, 55.0]","[-1.0, -0.99798626]"
630,77,0.1,"[-6.0, 53.0]","[-1.0, -0.38289872]"
630,78,0,"[-6.0, 53.0]","[-0.8866423, -0.49803478]"
630,79,0,"[-6.0, 53.0]","[-1.0, -0.8921776]"
630,80,0.1,"[-2.0, 51.0]","[-1.0, -0.857719]"
630,81,0,"[-2.0, 51.0]","[-1.0, -0.60474]"
630,82,0,"[-2.0, 51.0]","[-1.0, -0.7088729]"
630,83,0.1,"[2.0, 49.0]","[-1.0, -0.6697214]"
630,84,0,"[2.0, 49.0]","[-1.0, -0.6428638]"
630,85,0,"[2.0, 49.0]","[-1.0, -0.11030849]"
630,86,0,"[2.0, 49.0]","[-0.9436992, -0.4409608]"
630,87,0.1,"[5.0, 45.0]","[-1.0, -0.9503035]"
630,88,0,"[5.0, 45.0]","[-0.9050779, -1.0]"
630,89,0,"[5.0, 45.0]","[-0.87260383, -1.0]"
630,90,0.1,"[8.0, 44.0]","[-0.93681073, -0.9106311]"
630,91,0,"[8.0, 44.0]","[0.6488011, -1.0]"
630,92,0,"[8.0, 44.0]","[0.58020246, -1.0]"
630,93,0,"[22.0, 42.0]","[0.5363783, -1.0]"
630,94,0,"[22.0, 42.0]","[0.041115627, -1.0]"
630,95,0,"[22.0, 42.0]","[0.23098916, -0.9998074]"
630,96,0.1,"[26.0, 39.0]","[0.4590207, -1.0]"
630,97,0,"[26.0, 39.0]","[0.2377302, -1.0]"
630,98,0,"[26.0, 39.0]","[0.29344535, -1.0]"
630,99,0,"[26.0, 39.0]","[-0.2368768, -0.8081576]"
630,100,0.1,"[26.0, 37.0]","[-0.09041894, -1.0]"
630,101,0,"[26.0, 37.0]","[-0.47721618, -0.9064186]"
630,102,0,"[26.0, 37.0]","[-0.2572726, -1.0]"
630,103,0.1,"[7.0, 34.0]","[-0.25813252, -1.0]"
630,104,0,"[7.0, 34.0]","[0.0068569505, -1.0]"
630,105,0,"[7.0, 34.0]","[0.21586046, -1.0]"
630,106,0.1,"[11.0, 31.0]","[0.9405822, -1.0]"
630,107,0,"[11.0, 31.0]","[0.7073344, -1.0]"
630,108,0,"[11.0, 31.0]","[0.7300264, -1.0]"
630,109,0,"[11.0, 31.0]","[0.43430465, -1.0]"
630,110,0,"[24.0, 29.0]","[0.6495439, -1.0]"
630,111,0,"[24.0, 29.0]","[0.9526002, -1.0]"
630,112,0,"[24.0, 29.0]","[1.0, -1.0]"
630,113,0,"[38.0, 26.0]","[0.76040334, -1.0]"
630,114,0,"[38.0, 26.0]","[-0.47310913, -1.0]"
630,115,0,"[38.0, 26.0]","[0.6446141, -1.0]"
630,116,0.1,"[6.0, 24.0]","[0.11728055, -1.0]"
630,117,0,"[6.0, 24.0]","[1.0, -1.0]"
630,118,0,"[6.0, 24.0]","[1.0, -1.0]"
630,119,0,"[30.0, 21.0]","[1.0, -1.0]"
630,120,0,"[30.0, 21.0]","[0.23175666, -1.0]"
630,121,0,"[30.0, 21.0]","[0.18587522, -1.0]"
630,122,0,"[30.0, 21.0]","[-0.29736555, -1.0]"
630,123,0.1,"[28.0, 19.0]","[0.33573467, -1.0]"
630,124,0,"[28.0, 19.0]","[0.24198937, -1.0]"
630,125,0,"[28.0, 19.0]","[0.139192, -1.0]"
630,126,0,"[28.0, 19.0]","[-0.32609218, -1.0]"
630,127,0.1,"[25.0, 16.0]","[0.15640679, -1.0]"
630,128,0,"[25.0, 16.0]","[0.24671833, -1.0]"
630,129,0.1,"[21.0, 13.0]","[0.44734895, -0.8921396]"
630,130,0,"[21.0, 13.0]","[0.093426995, -1.0]"
630,131,0,"[21.0, 13.0]","[-0.023299089, -1.0]"
630,132,0,"[21.0, 13.0]","[0.2952737, -0.9331381]"
630,133,0.1,"[4.0, 11.0]","[0.28208393, -1.0]"
630,134,0,"[4.0, 11.0]","[1.0, -1.0]"
630,135,0,"[4.0, 11.0]","[0.60647774, -1.0]"
630,136,0,"[24.0, 8.0]","[1.0, -1.0]"
630,137,0,"[24.0, 8.0]","[1.0, -1.0]"
630,138,0,"[24.0, 8.0]","[1.0, -1.0]"
631,0,0,"[1000000.0, 1000000.0]","[-0.6966427, -0.67748183]"
631,1,0.1,"[-14.0, 104.0]","[1.0, -0.69229597]"
631,2,0,"[-14.0, 104.0]","[-1.0, -0.82978433]"
631,3,0,"[-14.0, 104.0]","[-0.88834375, -0.8393336]"
631,4,0,"[-18.0, 112.0]","[-0.96278447, -0.77156705]"
631,5,0,"[-18.0, 112.0]","[-0.54099286, -0.19082405]"
631,6,0,"[-18.0, 112.0]","[-0.8697822, -0.33147582]"
631,7,0.1,"[-23.0, 109.0]","[-0.7054949, 0.06164328]"
631,8,0,"[-23.0, 109.0]","[-0.99068844, 0.4027786]"
631,9,0,"[-23.0, 109.0]","[-0.55247027, -0.2797463]"
631,10,0.1,"[-19.0, 94.0]","[-0.39523342, -0.03210563]"
631,11,0,"[-19.0, 94.0]","[-0.77523905, -0.5139053]"
631,12,0,"[-19.0, 94.0]","[-0.9619732, -0.51122487]"
631,13,0,"[-16.0, 104.0]","[-0.5411793, -0.65192735]"
631,14,0,"[-16.0, 104.0]","[-0.55562276, -0.71232444]"
631,15,0,"[-16.0, 104.0]","[-0.9320023, -0.3953576]"
631,16,0,"[-12.0, 105.0]","[-1.0, -0.24239863]"
631,17,0,"[-12.0, 105.0]","[-0.34492782, -0.29865357]"
631,18,0,"[-12.0, 105.0]","[-0.4480227, -0.12390986]"
631,19,0.1,"[-9.0, 102.0]","[-0.35312846, -0.30961296]"
631,20,0,"[-9.0, 102.0]","[-0.39750713, -0.7448123]"
631,21,0,"[-9.0, 102.0]","[-0.42132246, -1.0]"
631,22,0.1,"[-6.0, 99.0]","[-0.5812767, -1.0]"
631,23,0,"[-6.0, 99.0]","[-0.59021086, -0.72385925]"
631,24,0,"[-6.0, 99.0]","[-0.12124171, -0.7672494]"
631,25,0.1,"[-3.0, 97.0]","[-0.37594673, -0.75699717]"
631,26,0,"[-3.0, 97.0]","[-0.48742855, -0.5365057]"
631,27,0,"[-3.0, 97.0]","[-0.47245482, -0.74053735]"
631,28,0.1,"[0.0, 94.0]","[-0.8440534, -0.8254445]"
631,29,0,"[0.0, 94.0]","[-1.0, -1.0]"
631,30,0,"[0.0, 94.0]","[-1.0, -0.9911497]"
631,31,0.1,"[2.0, 91.0]","[-1.0, -0.7236836]"
631,32,0,"[2.0, 91.0]","[-1.0, -0.78055394]"
631,33,0,"[2.0, 91.0]","[-1.0, -1.0]"
631,34,0.1,"[5.0, 88.0]","[-1.0, -0.9651352]"
631,35,0,"[5.0, 88.0]","[-0.31628647, -0.87754107]"
631,36,0,"[5.0, 88.0]","[-0.35284784, -0.9948247]"
631,37,0.1,"[7.0, 86.0]","[-0.592112, -0.9007392]"
631,38,0,"[7.0, 86.0]","[0.8122192, -0.6677974]"
631,39,0,"[7.0, 86.0]","[-0.60556144, -0.6207864]"
631,40,0,"[20.0, 84.0]","[0.7116204, -0.9475447]"
631,41,0,"[20.0, 84.0]","[0.7439299, -0.7052334]"
631,42,0,"[20.0, 84.0]","[0.6578663, -0.984783]"
631,43,0.1,"[28.0, 81.0]","[0.94818914, -0.9275068]"
631,44,0,"[28.0, 81.0]","[0.9804905, -1.0]"
631,45,0,"[28.0, 81.0]","[1.0, -1.0]"
631,46,0,"[28.0, 81.0]","[1.0, -1.0]"
631,47,0.1,"[26.0, 78.0]","[1.0, -1.0]"
631,48,0,"[26.0, 78.0]","[1.0, -1.0]"
631,49,0,"[26.0, 78.0]","[1.0, -1.0]"
631,50,0.1,"[21.0, 76.0]","[1.0, -1.0]"
631,51,0,"[21.0, 76.0]","[1.0, -1.0]"
631,52,0,"[21.0, 76.0]","[1.0, -1.0]"
631,53,0.1,"[17.0, 73.0]","[1.0, -1.0]"
631,54,0,"[17.0, 73.0]","[1.0, -1.0]"
631,55,0,"[17.0, 73.0]","[1.0, -0.9134002]"
631,56,0.1,"[13.0, 70.0]","[1.0, -0.6682444]"
631,57,0,"[13.0, 70.0]","[1.0, -0.4087079]"
631,58,0,"[13.0, 70.0]","[1.0, -0.24662207]"
631,59,0.1,"[9.0, 68.0]","[1.0, -0.122865014]"
631,60,0,"[9.0, 68.0]","[0.8607496, 0.13789736]"
631,61,0,"[9.0, 68.0]","[0.80645037, -0.4198592]"
631,62,0.1,"[6.0, 57.0]","[1.0, -0.7834729]"
631,63,0,"[6.0, 57.0]","[-0.47079164, -0.56844294]"
631,64,0,"[6.0, 57.0]","[0.38500336, -0.39374915]"
631,65,0,"[-8.0, 64.0]","[-0.3935882, -0.625004]"
631,66,0,"[-8.0, 64.0]","[-0.80719846, -1.0]"
631,67,0,"[-8.0, 64.0]","[-0.7969391, -1.0]"
631,68,0,"[-15.0, 63.0]","[-0.70415014, -1.0]"
631,69,0,"[-15.0, 63.0]","[-0.83060586, -1.0]"
631,70,0,"[-15.0, 63.0]","[-0.68325835, -0.9859758]"
631,71,0.1,"[-15.0, 60.0]","[-0.75189924, -1.0]"
631,72,0,"[-15.0, 60.0]","[-0.6752566, -1.0]"
631,73,0,"[-15.0, 60.0]","[-0.4364352, -1.0]"
631,74,0.1,"[-10.0, 57.0]","[-0.67281824, -0.72652847]"
631,75,0,"[-10.0, 57.0]","[-0.31985453, -0.6852378]"
631,76,0,"[-10.0, 57.0]","[-0.17323212, -0.91793257]"
631,77,0.1,"[-4.0, 54.0]","[-0.21327484, -0.7787827]"
631,78,0,"[-4.0, 54.0]","[-0.17807284, -1.0]"
631,79,0,"[-4.0, 54.0]","[0.052117966, -1.0]"
631,80,0.1,"[4.0, 52.0]","[-0.08790485, -1.0]"
631,81,0,"[4.0, 52.0]","[-0.19317205, -0.75574607]"
631,82,0,"[4.0, 52.0]","[-0.30667764, -0.90207416]"
631,83,0,"[4.0, 52.0]","[-0.7188978, -0.9915097]"
631,84,0.1,"[4.0, 49.0]","[-0.8278378, -1.0]"
631,85,0,"[4.0, 49.0]","[-0.8434504, -0.72832376]"
631,86,0,"[4.0, 49.0]","[-1.0, -0.9609306]"
631,87,0.1,"[3.0, 46.0]","[-0.95799154, -1.0]"
631,88,0,"[3.0, 46.0]","[-1.0, -1.0]"
631,89,0,"[3.0, 46.0]","[-0.8882334, -1.0]"
631,90,0.1,"[5.0, 44.0]","[-0.56190544, -1.0]"
631,91,0,"[5.0, 44.0]","[-0.5389105, -1.0]"
631,92,0,"[5.0, 44.0]","[-0.047254253, -1.0]"
631,93,0,"[25.0, 41.0]","[-0.045531787, -0.98786324]"
631,94,0,"[25.0, 41.0]","[1.0, -1.0]"
631,95,0,"[25.0, 41.0]","[1.0, -1.0]"
631,96,0.1,"[24.0, 39.0]","[1.0, -1.0]"
631,97,0,"[24.0, 39.0]","[1.0, -0.9825478]"
631,98,0,"[24.0, 39.0]","[1.0, -0.51482564]"
631,99,0,"[29.0, 36.0]","[0.9968781, -0.4057295]"
631,100,0,"[29.0, 36.0]","[1.0, -0.56633484]"
631,101,0,"[29.0, 36.0]","[0.67732006, -0.74410045]"
631,102,0.1,"[25.0, 34.0]","[0.765585, -0.8525196]"
631,103,0,"[25.0, 34.0]","[0.6376674, -1.0]"
631,104,0,"[25.0, 34.0]","[0.45184118, -1.0]"
631,105,0.1,"[20.0, 31.0]","[0.21756592, -1.0]"
631,106,0,"[20.0, 31.0]","[0.71048266, -0.9588622]"
631,107,0,"[20.0, 31.0]","[0.53284824, -0.90442467]"
631,108,0.1,"[15.0, 28.0]","[0.705304, -0.65613335]"
631,109,0,"[15.0, 28.0]","[0.63196546, -0.8144697]"
631,110,0,"[15.0, 28.0]","[0.8359559, -0.89923674]"
631,111,0.1,"[12.0, 26.0]","[1.0, -0.84978634]"
631,112,0,"[12.0, 26.0]","[0.667361, -1.0]"
631,113,0,"[12.0, 26.0]","[0.628216, -1.0]"
631,114,0,"[12.0, 26.0]","[0.5202645, -1.0]"
631,115,0.1,"[9.0, 23.0]","[0.55558103, -1.0]"
631,116,0,"[9.0, 23.0]","[0.9293211, -0.80760276]"
631,117,0,"[9.0, 23.0]","[1.0, -1.0]"
631,118,0.1,"[6.0, 21.0]","[1.0, -1.0]"
631,119,0,"[6.0, 21.0]","[0.8893207, -1.0]"
631,120,0,"[6.0, 21.0]","[0.687365, -1.0]"
631,121,0.1,"[3.0, 18.0]","[0.7876402, -1.0]"
631,122,0,"[3.0, 18.0]","[0.14432722, -1.0]"
631,123,0,"[3.0, 18.0]","[-0.33292598, -1.0]"
631,124,0.1,"[-2.0, 16.0]","[-0.88319373, -1.0]"
631,125,0,"[-2.0, 16.0]","[-0.88150346, -1.0]"
631,126,0,"[-2.0, 16.0]","[-0.00021562341, -1.0]"
631,127,0,"[-20.0, 13.0]","[-1.0, -1.0]"
631,128,0,"[-20.0, 13.0]","[0.7837899, -0.8950999]"
631,129,0,"[-20.0, 13.0]","[0.64932203, -0.78047365]"
631,130,0.1,"[10.0, 11.0]","[0.5567162, -0.6836074]"
631,131,0,"[10.0, 11.0]","[-0.16346183, -0.24481826]"
631,132,0,"[10.0, 11.0]","[-0.14063741, -0.019728415]"
632,0,0,"[-14.0, 104.0]","[1.0, -1.0]"
632,1,0,"[-14.0, 104.0]","[-0.81408614, -1.0]"
632,2,0,"[-14.0, 104.0]","[-0.78045976, -1.0]"
632,3,0,"[-14.0, 104.0]","[-0.8344474, -1.0]"
632,4,0,"[-21.0, 112.0]","[-0.50267524, -1.0]"
632,5,0,"[-21.0, 112.0]","[-0.91385597, -1.0]"
632,6,0,"[-21.0, 112.0]","[-0.8138246, -0.85616076]"
632,7,0.1,"[-23.0, 110.0]","[-0.87615895, -0.42454997]"
632,8,0,"[-23.0, 110.0]","[-0.73793185, -0.5207283]"
632,9,0,"[-23.0, 110.0]","[-0.30141026, -0.5195213]"
632,10,0.1,"[-19.0, 106.0]","[-0.16327937, -0.14832482]"
632,11,0,"[-19.0, 106.0]","[-0.5483728, -0.20340772]"
632,12,0,"[-19.0, 106.0]","[-0.53308713, -0.24699661]"
632,13,0.1,"[-15.0, 101.0]","[-0.4193402, -0.30831724]"
632,14,0,"[-15.0, 101.0]","[-0.09275672, -0.23062599]"
632,15,0,"[-15.0, 101.0]","[-0.13925649, -0.75277567]"
632,16,0.1,"[-10.0, 100.0]","[-0.19282337, -0.8849628]"
632,17,0,"[-10.0, 100.0]","[-0.40279904, -0.69142145]"
632,18,0,"[-10.0, 100.0]","[-0.28279045, -0.92382914]"
632,19,0.1,"[-9.0, 98.0]","[-0.14733292, -1.0]"
632,20,0,"[-9.0, 98.0]","[-0.22295117, -0.8350907]"
632,21,0,"[-9.0, 98.0]","[-0.23203242, -0.72166914]"
632,22,0.1,"[-6.0, 95.0]","[-0.26025754, -1.0]"
632,23,0,"[-6.0, 95.0]","[-0.1886835, -1.0]"
632,24,0,"[-6.0, 95.0]","[0.26633295, -1.0]"
632,25,0.1,"[-3.0, 92.0]","[-0.09593793, -1.0]"
632,26,0,"[-3.0, 92.0]","[-0.06830883, -1.0]"
632,27,0,"[-3.0, 92.0]","[-0.34094194, -0.9935367]"
632,28,0.1,"[2.0, 90.0]","[-0.265679, -0.62523824]"
632,29,0,"[2.0, 90.0]","[-0.77571243, -1.0]"
632,30,0,"[2.0, 90.0]","[-0.5454006, -1.0]"
632,31,0,"[2.0, 90.0]","[-0.66656655, -1.0]"
632,32,0.1,"[-4.0, 87.0]","[-0.76644295, -1.0]"
632,33,0,"[-4.0, 87.0]","[-1.0, -1.0]"
632,34,0.1,"[-1.0, 85.0]","[-0.7938316, -1.0]"
632,35,0,"[-1.0, 85.0]","[-0.42534268, -1.0]"
632,36,0,"[-1.0, 85.0]","[-0.5013636, -1.0]"
632,37,0,"[-1.0, 85.0]","[-0.74534196, -1.0]"
632,38,0.1,"[2.0, 82.0]","[-0.15708679, -1.0]"
632,39,0,"[2.0, 82.0]","[-0.47580275, -1.0]"
632,40,0,"[2.0, 82.0]","[-0.949987, -1.0]"
632,41,0.1,"[6.0, 79.0]","[-1.0, -1.0]"
632,42,0,"[6.0, 79.0]","[0.52005553, -1.0]"
632,43,0,"[6.0, 79.0]","[-1.0, -1.0]"
632,44,0.1,"[16.0, 77.0]","[-0.3244218, -0.91768694]"
632,45,0,"[16.0, 77.0]","[0.16042925, -0.3879529]"
632,46,0,"[16.0, 77.0]","[0.8112053, -0.15121251]"
632,47,0.1,"[17.0, 74.0]","[1.0, -0.5752922]"
632,48,0,"[17.0, 74.0]","[1.0, -0.38450867]"
632,49,0,"[17.0, 74.0]","[1.0, -0.8517819]"
632,50,0,"[27.0, 72.0]","[1.0, -0.9400466]"
632,51,0,"[27.0, 72.0]","[1.0, -0.9018235]"
632,52,0,"[27.0, 72.0]","[1.0, -1.0]"
632,53,0.1,"[23.0, 70.0]","[1.0, -1.0]"
632,54,0,"[23.0, 70.0]","[1.0, -1.0]"
632,55,0,"[23.0, 70.0]","[1.0, -1.0]"
632,56,0.1,"[19.0, 67.0]","[1.0, -1.0]"
632,57,0,"[19.0, 67.0]","[1.0, -1.0]"
632,58,0,"[19.0, 67.0]","[1.0, -1.0]"
632,59,0.1,"[14.0, 64.0]","[1.0, -1.0]"
632,60,0,"[14.0, 64.0]","[1.0, -1.0]"
632,61,0,"[14.0, 64.0]","[1.0, -1.0]"
632,62,0,"[27.0, 62.0]","[1.0, -1.0]"
632,63,0,"[27.0, 62.0]","[1.0, -1.0]"
632,64,0,"[27.0, 62.0]","[0.49482495, -0.67421395]"
632,65,0,"[27.0, 62.0]","[0.90254086, -0.8912763]"
632,66,0.1,"[7.0, 59.0]","[0.5147204, -0.7714778]"
632,67,0,"[7.0, 59.0]","[-0.6860739, -0.71841156]"
632,68,0,"[7.0, 59.0]","[0.6482308, -0.3576538]"
632,69,0.1,"[-2.0, 57.0]","[0.24528597, -0.4308176]"
632,70,0,"[-2.0, 57.0]","[-0.756951, 0.1112117]"
632,71,0,"[-2.0, 57.0]","[-0.25117862, 0.36277884]"
632,72,0.1,"[-6.0, 49.0]","[-0.6194413, 0.102577016]"
632,73,0,"[-6.0, 49.0]","[-0.45867634, -0.9230928]"
632,74,0,"[-6.0, 49.0]","[-1.0, -1.0]"
632,75,0.1,"[-16.0, 46.0]","[-1.0, -0.59736675]"
632,76,0,"[-16.0, 46.0]","[-1.0, -0.5385539]"
632,77,0,"[-16.0, 46.0]","[-1.0, -0.6821268]"
632,78,0,"[-13.0, 54.0]","[-1.0, -0.9597983]"
632,79,0,"[-13.0, 54.0]","[-1.0, -1.0]"
632,80,0,"[-13.0, 54.0]","[-1.0, -1.0]"
632,81,0.1,"[-7.0, 52.0]","[-1.0, -1.0]"
632,82,0,"[-7.0, 52.0]","[-1.0, -1.0]"
632,83,0,"[-7.0, 52.0]","[-1.0, -0.72093666]"
632,84,0.1,"[-3.0, 49.0]","[-1.0, -0.3857156]"
632,85,0,"[-3.0, 49.0]","[-1.0, -0.48077875]"
632,86,0,"[-3.0, 49.0]","[-0.9373945, -0.83837336]"
632,87,0.1,"[1.0, 46.0]","[-0.8432257, -0.9564029]"
632,88,0,"[1.0, 46.0]","[-0.9286735, -1.0]"
632,89,0,"[1.0, 46.0]","[-0.39817873, -0.74256814]"
632,90,0,"[20.0, 43.0]","[-0.48331937, -0.98993695]"
632,91,0,"[20.0, 43.0]","[1.0, -0.81374276]"
632,92,0,"[20.0, 43.0]","[1.0, -0.88335156]"
632,93,0.1,"[19.0, 41.0]","[1.0, -0.5404753]"
632,94,0,"[19.0, 41.0]","[1.0, -0.13145381]"
632,95,0,"[19.0, 41.0]","[1.0, -0.029471843]"
632,96,0,"[41.0, 34.0]","[1.0, -0.59822565]"
632,97,0,"[41.0, 34.0]","[1.0, -0.5512364]"
632,98,0,"[41.0, 34.0]","[0.54429674, -0.42925578]"
632,99,0,"[41.0, 34.0]","[0.90739083, -0.50787145]"
632,100,0.1,"[22.0, 35.0]","[0.37033957, -0.64252484]"
632,101,0,"[22.0, 35.0]","[0.8210166, -0.2338284]"
632,102,0,"[22.0, 35.0]","[0.9843829, -0.32822147]"
632,103,0.1,"[17.0, 34.0]","[1.0, -0.495045]"
632,104,0,"[17.0, 34.0]","[1.0, -0.34352392]"
632,105,0,"[17.0, 34.0]","[1.0, -0.77583283]"
632,106,0.1,"[12.0, 31.0]","[1.0, -0.5952724]"
632,107,0,"[12.0, 31.0]","[1.0, -0.8255499]"
632,108,0,"[12.0, 31.0]","[1.0, -1.0]"
632,109,0.1,"[8.0, 29.0]","[1.0, -0.9608431]"
632,110,0,"[8.0, 29.0]","[1.0, -0.87535703]"
632,111,0,"[8.0, 29.0]","[1.0, -0.662586]"
632,112,0.1,"[5.0, 26.0]","[1.0, -0.9637605]"
632,113,0,"[5.0, 26.0]","[1.0, -0.56051934]"
632,114,0,"[5.0, 26.0]","[1.0, -0.72651476]"
632,115,0.1,"[2.0, 24.0]","[1.0, -0.11763155]"
632,116,0,"[2.0, 24.0]","[0.94318736, -0.20485687]"
632,117,0,"[2.0, 24.0]","[1.0, 0.39086336]"
632,118,0.1,"[-1.0, 19.0]","[-0.4758326, -0.29764655]"
632,119,0,"[-1.0, 19.0]","[0.3401653, -0.054025836]"
632,120,0,"[-1.0, 19.0]","[-0.50819343, 0.25875124]"
632,121,0,"[-1.0, 19.0]","[-0.22967625, -0.350059]"
632,122,0.1,"[8.0, 14.0]","[-0.70102626, -0.1750312]"
632,123,0,"[8.0, 14.0]","[-0.15503034, -0.73585373]"
632,124,0,"[-4.0, 18.0]","[0.06842241, -0.78867507]"
632,125,0,"[-4.0, 18.0]","[-1.0, -0.66232216]"
632,126,0,"[-4.0, 18.0]","[0.11289725, -0.8730154]"
632,127,0,"[4.0, 19.0]","[-1.0, -1.0]"
632,128,0,"[4.0, 19.0]","[-0.7365033, -1.0]"
632,129,0,"[4.0, 19.0]","[0.035366423, -1.0]"
632,130,0,"[-11.0, 17.0]","[0.4980365, -1.0]"
632,131,0,"[-11.0, 17.0]","[0.1709932, -0.9608182]"
632,132,0,"[-11.0, 17.0]","[0.10559906, -1.0]"
632,133,0,"[-11.0, 17.0]","[-0.2811318, -1.0]"
632,134,0.1,"[1.0, 14.0]","[-0.71528167, -1.0]"
632,135,0,"[1.0, 14.0]","[-1.0, -0.6738286]"
632,136,0,"[1.0, 14.0]","[-0.971589, -0.62738276]"
632,137,0.1,"[3.0, 11.0]","[-0.73084956, -0.9362121]"
632,138,0,"[3.0, 11.0]","[-1.0, -0.4869706]"
632,139,0,"[3.0, 11.0]","[-0.15670544, -0.44212216]"
632,140,0,"[-13.0, 8.0]","[-0.15791458, -0.88895816]"
632,141,0,"[-13.0, 8.0]","[0.22979367, -0.582451]"
632,142,0,"[-13.0, 8.0]","[0.36468384, -0.79596114]"
633,0,0,"[-14.0, 104.0]","[1.0, -1.0]"
633,1,0,"[-14.0, 104.0]","[-0.91936374, -0.667189]"
633,2,0,"[-14.0, 104.0]","[-0.985359, -0.4930218]"
633,3,0,"[-14.0, 104.0]","[-0.8402858, -0.63111]"
633,4,0,"[-22.0, 112.0]","[-1.0, -0.39544806]"
633,5,0,"[-22.0, 112.0]","[-1.0, -0.7279211]"
633,6,0,"[-22.0, 112.0]","[-1.0, -0.52038324]"
633,7,0.1,"[-23.0, 110.0]","[-1.0, -0.6011953]"
633,8,0,"[-23.0, 110.0]","[-1.0, -1.0]"
633,9,0,"[-23.0, 110.0]","[-1.0, -1.0]"
633,10,0.1,"[-19.0, 106.0]","[-1.0, -1.0]"
633,11,0,"[-19.0, 106.0]","[-1.0, -1.0]"
633,12,0,"[-19.0, 106.0]","[-0.9663806, -1.0]"
633,13,0.1,"[-15.0, 103.0]","[-0.9283188, -1.0]"
633,14,0,"[-15.0, 103.0]","[-0.6937621, -0.69385064]"
633,15,0,"[-15.0, 103.0]","[-0.51210666, -0.843753]"
633,16,0.1,"[-12.0, 100.0]","[-0.6397162, -1.0]"
633,17,0,"[-12.0, 100.0]","[-0.38424167, -1.0]"
633,18,0,"[-12.0, 100.0]","[-0.43712303, -1.0]"
633,19,0.1,"[-9.0, 97.0]","[-0.71027446, -1.0]"
633,20,0,"[-9.0, 97.0]","[-0.7190791, -0.985599]"
633,21,0,"[-9.0, 97.0]","[-0.85851645, -0.7693795]"
633,22,0.1,"[-6.0, 94.0]","[-0.45606905, -0.5830696]"
633,23,0,"[-6.0, 94.0]","[-0.9059534, -0.37335643]"
633,24,0,"[-6.0, 94.0]","[-1.0, -0.4234092]"
633,25,0.1,"[-3.0, 92.0]","[-1.0, -0.7870804]"
633,26,0,"[-3.0, 92.0]","[-0.7641754, -0.91877854]"
633,27,0,"[-3.0, 92.0]","[-0.7875316, -1.0]"
633,28,0.1,"[0.0, 89.0]","[-1.0, -1.0]"
633,29,0,"[0.0, 89.0]","[-1.0, -1.0]"
633,30,0,"[0.0, 89.0]","[-1.0, -1.0]"
633,31,0.1,"[3.0, 86.0]","[-1.0, -0.89084643]"
633,32,0,"[3.0, 86.0]","[-1.0, -0.6074558]"
633,33,0,"[3.0, 86.0]","[-1.0, -0.70310956]"
633,34,0,"[3.0, 86.0]","[-1.0, -0.11431349]"
633,35,0.1,"[6.0, 84.0]","[-0.9354857, -0.42559886]"
633,36,0,"[6.0, 84.0]","[-0.38491556, -0.43908828]"
633,37,0,"[6.0, 84.0]","[-0.844024, -0.87245876]"
633,38,0.1,"[8.0, 81.0]","[-0.43937072, -1.0]"
633,39,0,"[8.0, 81.0]","[0.52186954, -0.32607657]"
633,40,0,"[8.0, 81.0]","[0.39403453, -0.11708723]"
633,41,0,"[20.0, 79.0]","[0.859707, -0.008631487]"
633,42,0,"[20.0, 79.0]","[1.0, -0.47550786]"
633,43,0,"[20.0, 79.0]","[1.0, -0.065888576]"
633,44,0.1,"[30.0, 74.0]","[1.0, 0.21551386]"
633,45,0,"[30.0, 74.0]","[1.0, -0.100403234]"
633,46,0,"[30.0, 74.0]","[1.0, -0.1866238]"
633,47,0.1,"[25.0, 68.0]","[1.0, 0.079177804]"
633,48,0,"[25.0, 68.0]","[1.0, -0.45037764]"
633,49,0,"[25.0, 68.0]","[1.0, -0.62514704]"
633,50,0,"[21.0, 72.0]","[1.0, -0.5192662]"
633,51,0,"[21.0, 72.0]","[1.0, -0.38819653]"
633,52,0,"[21.0, 72.0]","[1.0, -0.3927315]"
633,53,0,"[16.0, 76.0]","[0.94432485, -0.22459686]"
633,54,0,"[16.0, 76.0]","[1.0, -0.5606066]"
633,55,0,"[16.0, 76.0]","[1.0, -0.61952347]"
633,56,0.1,"[12.0, 73.0]","[0.82774824, -0.5613925]"
633,57,0,"[12.0, 73.0]","[0.99712497, -0.7298309]"
633,58,0,"[12.0, 73.0]","[1.0, -0.33899635]"
633,59,0.1,"[9.0, 70.0]","[1.0, -0.32364818]"
633,60,0,"[9.0, 70.0]","[1.0, -0.1352432]"
633,61,0,"[9.0, 70.0]","[1.0, -0.10655304]"
633,62,0.1,"[6.0, 65.0]","[1.0, -0.8049478]"
633,63,0,"[6.0, 65.0]","[0.29744622, -1.0]"
633,64,0,"[6.0, 65.0]","[0.1926387, -1.0]"
633,65,0,"[19.0, 65.0]","[0.061370198, -0.948337]"
633,66,0,"[19.0, 65.0]","[1.0, -0.5098173]"
633,67,0,"[19.0, 65.0]","[1.0, -0.8616804]"
633,68,0.1,"[-2.0, 63.0]","[1.0, -0.81286126]"
633,69,0,"[-2.0, 63.0]","[-0.7477958, -0.82985663]"
633,70,0,"[-2.0, 63.0]","[-0.6320271, -0.6455946]"
633,71,0.1,"[-14.0, 61.0]","[-0.61388147, -0.8570551]"
633,72,0,"[-14.0, 61.0]","[-0.72040945, -0.82940847]"
633,73,0,"[-14.0, 61.0]","[-1.0, -0.6666899]"
633,74,0.1,"[-20.0, 58.0]","[-1.0, -0.4180025]"
633,75,0,"[-20.0, 58.0]","[-1.0, -0.42650157]"
633,76,0,"[-20.0, 58.0]","[-1.0, -0.50253665]"
633,77,0.1,"[-16.0, 55.0]","[-1.0, -0.70494545]"
633,78,0,"[-16.0, 55.0]","[-1.0, -0.8287203]"
633,79,0,"[-16.0, 55.0]","[-1.0, -0.5080148]"
633,80,0.1,"[-11.0, 52.0]","[-1.0, -0.74719185]"
633,81,0,"[-11.0, 52.0]","[-1.0, -0.5958607]"
633,82,0,"[-11.0, 52.0]","[-1.0, -0.5065774]"
633,83,0,"[-11.0, 52.0]","[-1.0, 0.07884316]"
633,84,0.1,"[-6.0, 50.0]","[-1.0, 0.11507381]"
633,85,0,"[-6.0, 50.0]","[-1.0, 0.027381565]"
633,86,0,"[-6.0, 50.0]","[-1.0, -0.30092344]"
633,87,0.1,"[-3.0, 38.0]","[-1.0, -0.19743104]"
633,88,0,"[-3.0, 38.0]","[-0.9990667, -0.27357012]"
633,89,0,"[-3.0, 38.0]","[-0.7919382, -0.5225987]"
633,90,0,"[1.0, 47.0]","[-0.5258677, -0.29785565]"
633,91,0,"[1.0, 47.0]","[-0.62826616, -0.12025601]"
633,92,0,"[1.0, 47.0]","[-0.45460916, -0.34138316]"
633,93,0.1,"[4.0, 44.0]","[-0.7848636, -0.6953699]"
633,94,0,"[4.0, 44.0]","[-0.4140075, -0.8162901]"
633,95,0,"[4.0, 44.0]","[-0.5249366, -0.28816605]"
633,96,0,"[7.0, 44.0]","[-0.3827934, -0.034510374]"
633,97,0,"[7.0, 44.0]","[0.57512265, -0.11373859]"
633,98,0,"[7.0, 44.0]","[0.21705912, -0.502268]"
633,99,0.1,"[21.0, 37.0]","[1.0, -0.60363585]"
633,100,0,"[21.0, 37.0]","[1.0, -0.57160234]"
633,101,0,"[21.0, 37.0]","[1.0, -0.72223777]"
633,102,0,"[28.0, 40.0]","[1.0, -0.83654255]"
633,103,0,"[28.0, 40.0]","[1.0, -1.0]"
633,104,0,"[28.0, 40.0]","[1.0, -1.0]"
633,105,0.1,"[24.0, 38.0]","[1.0, -1.0]"
633,106,0,"[24.0, 38.0]","[0.9406648, -1.0]"
633,107,0,"[24.0, 38.0]","[0.74063987, -1.0]"
633,108,0.1,"[19.0, 35.0]","[0.44971398, -1.0]"
633,109,0,"[19.0, 35.0]","[0.31557655, -1.0]"
633,110,0,"[19.0, 35.0]","[0.26472032, -1.0]"
633,111,0,"[30.0, 32.0]","[0.5359805, -1.0]"
633,112,0,"[30.0, 32.0]","[0.19710273, -1.0]"
633,113,0,"[30.0, 32.0]","[0.5140904, -1.0]"
633,114,0,"[30.0, 32.0]","[0.6661663, -0.7980652]"
633,115,0.1,"[10.0, 29.0]","[0.63449395, -0.8493861]"
633,116,0,"[10.0, 29.0]","[1.0, -1.0]"
633,117,0,"[10.0, 29.0]","[0.824398, -1.0]"
633,118,0.1,"[8.0, 27.0]","[0.95602125, -0.5843142]"
633,119,0,"[8.0, 27.0]","[1.0, -0.8242085]"
633,120,0,"[8.0, 27.0]","[0.8549278, -1.0]"
633,121,0,"[21.0, 24.0]","[0.8692385, -1.0]"
633,122,0,"[21.0, 24.0]","[-0.7546617, -1.0]"
633,123,0,"[21.0, 24.0]","[-0.519344, -1.0]"
633,124,0.1,"[-8.0, 21.0]","[-0.68490624, -1.0]"
633,125,0,"[-8.0, 21.0]","[-0.83534205, -1.0]"
633,126,0,"[-8.0, 21.0]","[-1.0, -1.0]"
633,127,0,"[-18.0, 19.0]","[-0.7137985, -1.0]"
633,128,0,"[-18.0, 19.0]","[-0.89565253, -1.0]"
633,129,0,"[-18.0, 19.0]","[-0.53752065, -0.98271257]"
633,130,0.1,"[3.0, 16.0]","[-0.66196644, -1.0]"
633,131,0,"[3.0, 16.0]","[-1.0, -0.7774953]"
633,132,0,"[3.0, 16.0]","[-0.7863599, -1.0]"
633,133,0.1,"[-8.0, 14.0]","[-1.0, -1.0]"
633,134,0,"[-8.0, 14.0]","[-1.0, -1.0]"
633,135,0,"[-8.0, 14.0]","[-1.0, -1.0]"
633,136,0.1,"[-4.0, 11.0]","[-1.0, -1.0]"
633,137,0,"[-4.0, 11.0]","[-1.0, -1.0]"
633,138,0,"[-4.0, 11.0]","[-1.0, -1.0]"
634,0,0,"[-14.0, 104.0]","[0.89499813, -1.0]"
634,1,0,"[-14.0, 104.0]","[-0.7858064, -1.0]"
634,2,0,"[-14.0, 104.0]","[-0.8628086, -1.0]"
634,3,0,"[-14.0, 104.0]","[-0.8449446, -1.0]"
634,4,0,"[-22.0, 112.0]","[-0.9278184, -0.81085724]"
634,5,0,"[-22.0, 112.0]","[-0.8906396, -0.8849823]"
634,6,0,"[-22.0, 112.0]","[-0.8658661, -0.71335447]"
634,7,0.1,"[-23.0, 110.0]","[-0.71132225, -0.58896834]"
634,8,0,"[-23.0, 110.0]","[-0.46216595, -1.0]"
634,9,0,"[-23.0, 110.0]","[-0.48543805, -1.0]"
634,10,0.1,"[-19.0, 106.0]","[-0.75145066, -1.0]"
634,11,0,"[-19.0, 106.0]","[-0.73925924, -1.0]"
634,12,0,"[-19.0, 106.0]","[-0.6745889, -1.0]"
634,13,0.1,"[-15.0, 103.0]","[-0.8943028, -1.0]"
634,14,0,"[-15.0, 103.0]","[-1.0, -1.0]"
634,15,0,"[-15.0, 103.0]","[-1.0, -0.99545634]"
634,16,0.1,"[-12.0, 100.0]","[-1.0, -0.40940633]"
634,17,0,"[-12.0, 100.0]","[-1.0, -0.55423385]"
634,18,0,"[-12.0, 100.0]","[-1.0, -0.74130183]"
634,19,0.1,"[-9.0, 97.0]","[-1.0, -0.705821]"
634,20,0,"[-9.0, 97.0]","[-1.0, -0.15915275]"
634,21,0,"[-9.0, 97.0]","[-1.0, -0.25519824]"
634,22,0,"[-9.0, 97.0]","[-1.0, -0.50899094]"
634,23,0.1,"[-6.0, 93.0]","[-0.88632905, -0.2153955]"
634,24,0,"[-6.0, 93.0]","[-1.0, -0.5096106]"
634,25,0.1,"[-3.0, 92.0]","[-0.96766293, -1.0]"
634,26,0,"[-3.0, 92.0]","[-1.0, -0.89745945]"
634,27,0,"[-3.0, 92.0]","[-1.0, -0.52299464]"
634,28,0.1,"[0.0, 90.0]","[-1.0, -0.38304925]"
634,29,0,"[0.0, 90.0]","[-1.0, -0.71739763]"
634,30,0,"[0.0, 90.0]","[-1.0, -0.82018983]"
634,31,0,"[0.0, 90.0]","[-1.0, -0.7449627]"
634,32,0.1,"[3.0, 88.0]","[-1.0, -0.8113931]"
634,33,0,"[3.0, 88.0]","[-1.0, -1.0]"
634,34,0,"[3.0, 88.0]","[-1.0, -1.0]"
634,35,0.1,"[5.0, 85.0]","[-1.0, -1.0]"
634,36,0,"[5.0, 85.0]","[-0.885226, -1.0]"
634,37,0,"[5.0, 85.0]","[-1.0, -0.78451276]"
634,38,0.1,"[8.0, 82.0]","[-0.5189628, -0.7572832]"
634,39,0,"[8.0, 82.0]","[1.0, -0.55870664]"
634,40,0,"[8.0, 82.0]","[0.2055193, -0.21071537]"
634,41,0,"[20.0, 80.0]","[0.9028754, -0.28218925]"
634,42,0,"[20.0, 80.0]","[1.0, -0.69656134]"
634,43,0,"[20.0, 80.0]","[1.0, -0.9594682]"
634,44,0,"[30.0, 78.0]","[1.0, -0.34888646]"
634,45,0,"[30.0, 78.0]","[1.0, -0.5467301]"
634,46,0,"[30.0, 78.0]","[1.0, -0.50522465]"
634,47,0.1,"[26.0, 75.0]","[1.0, -0.32565257]"
634,48,0,"[26.0, 75.0]","[1.0, -0.5150749]"
634,49,0,"[26.0, 75.0]","[1.0, -0.42054078]"
634,50,0.1,"[21.0, 72.0]","[1.0, -0.4979056]"
634,51,0,"[21.0, 72.0]","[1.0, -0.35866252]"
634,52,0,"[21.0, 72.0]","[1.0, -0.054540753]"
634,53,0.1,"[16.0, 70.0]","[1.0, -0.72164035]"
634,54,0,"[16.0, 70.0]","[1.0, -0.5431126]"
634,55,0,"[16.0, 70.0]","[1.0, -1.0]"
634,56,0.1,"[12.0, 66.0]","[1.0, -0.84880596]"
634,57,0,"[12.0, 66.0]","[1.0, -0.9081353]"
634,58,0,"[12.0, 66.0]","[1.0, -1.0]"
634,59,0.1,"[9.0, 65.0]","[1.0, -0.7187164]"
634,60,0,"[9.0, 65.0]","[1.0, -0.83563536]"
634,61,0,"[9.0, 65.0]","[1.0, -0.6649317]"
634,62,0.1,"[6.0, 63.0]","[1.0, -0.22329846]"
634,63,0,"[6.0, 63.0]","[0.22772652, -0.60716945]"
634,64,0,"[6.0, 63.0]","[0.011617917, -0.87178504]"
634,65,0.1,"[3.0, 60.0]","[0.14491275, -1.0]"
634,66,0,"[3.0, 60.0]","[-0.47507325, -1.0]"
634,67,0,"[3.0, 60.0]","[-0.7734616, -0.86390275]"
634,68,0.1,"[-11.0, 58.0]","[-0.9966403, -1.0]"
634,69,0,"[-11.0, 58.0]","[-1.0, -1.0]"
634,70,0,"[-11.0, 58.0]","[-1.0, -1.0]"
634,71,0.1,"[-18.0, 55.0]","[-1.0, -1.0]"
634,72,0,"[-18.0, 55.0]","[-1.0, -0.9237961]"
634,73,0,"[-18.0, 55.0]","[-1.0, -1.0]"
634,74,0.1,"[-13.0, 53.0]","[-1.0, -1.0]"
634,75,0,"[-13.0, 53.0]","[-1.0, -1.0]"
634,76,0,"[-13.0, 53.0]","[-1.0, -1.0]"
634,77,0.1,"[-8.0, 50.0]","[-0.88909304, -1.0]"
634,78,0,"[-8.0, 50.0]","[-0.94926614, -1.0]"
634,79,0,"[-8.0, 50.0]","[-1.0, -1.0]"
634,80,0.1,"[-4.0, 47.0]","[-1.0, -1.0]"
634,81,0,"[-4.0, 47.0]","[-0.75424767, -1.0]"
634,82,0,"[-4.0, 47.0]","[-0.8402827, -1.0]"
634,83,0.1,"[0.0, 44.0]","[-0.6415345, -0.7775606]"
634,84,0,"[0.0, 44.0]","[-0.2686616, -0.43886992]"
634,85,0,"[0.0, 44.0]","[-0.0049929386, -0.6465171]"
634,86,0.1,"[5.0, 42.0]","[0.047560297, -0.44983855]"
634,87,0,"[5.0, 42.0]","[-0.0075532547, -0.28889504]"
634,88,0,"[5.0, 42.0]","[0.025338698, -0.4870568]"
634,89,0,"[31.0, 39.0]","[-0.20321955, -0.17938416]"
634,90,0,"[31.0, 39.0]","[0.9077158, 0.11633902]"
634,91,0,"[31.0, 39.0]","[1.0, 0.20658146]"
634,92,0,"[31.0, 39.0]","[1.0, 0.15785897]"
634,93,0.1,"[20.0, 27.0]","[1.0, 0.1458106]"
634,94,0,"[20.0, 27.0]","[1.0, 0.33018318]"
634,95,0,"[20.0, 27.0]","[1.0, -0.009804542]"
634,96,0,"[38.0, 23.0]","[1.0, 0.07099527]"
634,97,0,"[38.0, 23.0]","[-0.17427628, -0.23459223]"
634,98,0,"[38.0, 23.0]","[0.1976134, -0.54682946]"
634,99,0.1,"[11.0, 34.0]","[0.25026137, -0.29179865]"
634,100,0,"[11.0, 34.0]","[0.7400129, -0.29087034]"
634,101,0,"[11.0, 34.0]","[0.94085634, -0.41579473]"
634,102,0,"[13.0, 41.0]","[0.7548895, -0.70435995]"
634,103,0,"[13.0, 41.0]","[0.81879056, -1.0]"
634,104,0,"[13.0, 41.0]","[1.0, -1.0]"
634,105,0.1,"[11.0, 39.0]","[0.44984004, -1.0]"
634,106,0,"[11.0, 39.0]","[-0.22817238, -1.0]"
634,107,0,"[11.0, 39.0]","[-0.18499573, -1.0]"
634,108,0.1,"[-3.0, 35.0]","[0.43619257, -1.0]"
634,109,0,"[-3.0, 35.0]","[-1.0, -1.0]"
634,110,0,"[-3.0, 35.0]","[-1.0, -1.0]"
634,111,0.1,"[-7.0, 32.0]","[-0.907616, -1.0]"
634,112,0,"[-7.0, 32.0]","[-0.76439625, -1.0]"
634,113,0,"[-7.0, 32.0]","[-1.0, -1.0]"
634,114,0.1,"[-10.0, 29.0]","[-0.74370044, -1.0]"
634,115,0,"[-10.0, 29.0]","[-0.323659, -1.0]"
634,116,0,"[-10.0, 29.0]","[-0.17711723, -1.0]"
634,117,0.1,"[-6.0, 26.0]","[-0.0020346225, -0.8193749]"
634,118,0,"[-6.0, 26.0]","[-0.3349542, -0.628661]"
634,119,0,"[-6.0, 26.0]","[-0.37006477, -0.30862898]"
634,120,0.1,"[0.0, 23.0]","[-0.3580135, -0.7511349]"
634,121,0,"[0.0, 23.0]","[0.30454367, -0.5944292]"
634,122,0,"[0.0, 23.0]","[0.53302425, -0.69257724]"
634,123,0,"[0.0, 23.0]","[0.737025, -0.9615536]"
634,124,0,"[15.0, 20.0]","[0.5293426, -0.69758964]"
634,125,0,"[15.0, 20.0]","[1.0, -0.74219906]"
634,126,0,"[20.0, 18.0]","[1.0, -0.54870033]"
634,127,0,"[20.0, 18.0]","[0.57532626, -0.02313758]"
634,128,0,"[20.0, 18.0]","[0.8471984, 0.10534]"
634,129,0.1,"[15.0, 9.0]","[0.8005306, -0.05223576]"
634,130,0,"[15.0, 9.0]","[0.97721684, -0.30678377]"
634,131,0,"[15.0, 9.0]","[0.14917882, -0.19869676]"
634,132,0.1,"[10.0, 11.0]","[-0.16524377, -0.9411344]"
634,133,0,"[10.0, 11.0]","[0.043327905, -1.0]"
634,134,0,"[10.0, 11.0]","[-0.06453552, -1.0]"
634,135,0,"[14.0, 13.0]","[-0.06720052, -1.0]"
634,136,0,"[14.0, 13.0]","[-1.0, -1.0]"
634,137,0,"[14.0, 13.0]","[-0.31511033, -1.0]"
634,138,0,"[14.0, 13.0]","[-1.0, -1.0]"
634,139,0.1,"[7.0, 11.0]","[0.0022792877, -1.0]"
634,140,0,"[7.0, 11.0]","[0.41235203, -1.0]"
634,141,0,"[7.0, 11.0]","[0.292545, -1.0]"
635,0,0,"[-14.0, 104.0]","[0.66751564, -1.0]"
635,1,0,"[-14.0, 104.0]","[-0.49322456, -1.0]"
635,2,0,"[-14.0, 104.0]","[-0.53176284, -1.0]"
635,3,0,"[-14.0, 104.0]","[-0.80758977, -1.0]"
635,4,0,"[-22.0, 112.0]","[-0.72212857, -1.0]"
635,5,0,"[-22.0, 112.0]","[-0.6804841, -1.0]"
635,6,0,"[-22.0, 112.0]","[-1.0, -1.0]"
635,7,0.1,"[-23.0, 110.0]","[-0.82789177, -1.0]"
635,8,0,"[-23.0, 110.0]","[-0.47705528, -1.0]"
635,9,0,"[-23.0, 110.0]","[-0.86862004, -0.76956207]"
635,10,0.1,"[-19.0, 106.0]","[-0.7574507, -0.65218216]"
635,11,0,"[-19.0, 106.0]","[-0.72827315, -0.82923585]"
635,12,0,"[-19.0, 106.0]","[-0.60629314, -0.848587]"
635,13,0.1,"[-15.0, 103.0]","[-0.70948356, -0.78409463]"
635,14,0,"[-15.0, 103.0]","[-0.5471236, -0.58697903]"
635,15,0,"[-15.0, 103.0]","[-0.54515326, -0.30507532]"
635,16,0.1,"[-12.0, 100.0]","[-1.0, -0.6394409]"
635,17,0,"[-12.0, 100.0]","[-0.5474671, -0.74757683]"
635,18,0,"[-12.0, 100.0]","[-0.42051944, -1.0]"
635,19,0.1,"[-9.0, 97.0]","[-0.70657104, -0.9134602]"
635,20,0,"[-9.0, 97.0]","[-0.903461, -1.0]"
635,21,0,"[-9.0, 97.0]","[-1.0, -1.0]"
635,22,0,"[-9.0, 97.0]","[-1.0, -1.0]"
635,23,0.1,"[-6.0, 94.0]","[-1.0, -1.0]"
635,24,0,"[-6.0, 94.0]","[-1.0, -1.0]"
635,25,0,"[-6.0, 94.0]","[-1.0, -1.0]"
635,26,0.1,"[-3.0, 92.0]","[-0.68396133, -1.0]"
635,27,0,"[-3.0, 92.0]","[-0.8959351, -1.0]"
635,28,0,"[-3.0, 92.0]","[-1.0, -1.0]"
635,29,0.1,"[0.0, 89.0]","[-1.0, -1.0]"
635,30,0,"[0.0, 89.0]","[-0.5370331, -1.0]"
635,31,0,"[0.0, 89.0]","[-0.637752, -0.91945404]"
635,32,0.1,"[3.0, 86.0]","[-0.5382677, -0.5528549]"
635,33,0,"[3.0, 86.0]","[0.17536707, -0.56087005]"
635,34,0,"[3.0, 86.0]","[-0.29634488, -0.23003033]"
635,35,0.1,"[13.0, 84.0]","[0.14993289, -0.22785588]"
635,36,0,"[13.0, 84.0]","[1.0, -0.67959285]"
635,37,0,"[13.0, 84.0]","[1.0, -1.0]"
635,38,0.1,"[21.0, 82.0]","[1.0, -1.0]"
635,39,0,"[21.0, 82.0]","[1.0, -1.0]"
635,40,0,"[21.0, 82.0]","[1.0, -1.0]"
635,41,0.1,"[23.0, 79.0]","[1.0, -1.0]"
635,42,0,"[23.0, 79.0]","[1.0, -1.0]"
635,43,0,"[23.0, 79.0]","[1.0, -1.0]"
635,44,0.1,"[19.0, 77.0]","[1.0, -1.0]"
635,45,0,"[19.0, 77.0]","[1.0, -1.0]"
635,46,0,"[19.0, 77.0]","[1.0, -1.0]"
635,47,0.1,"[14.0, 74.0]","[1.0, -1.0]"
635,48,0,"[14.0, 74.0]","[1.0, -0.94599044]"
635,49,0,"[14.0, 74.0]","[1.0, -0.8069169]"
635,50,0.1,"[10.0, 71.0]","[1.0, -0.93576235]"
635,51,0,"[10.0, 71.0]","[0.5965449, -1.0]"
635,52,0,"[10.0, 71.0]","[0.594049, -1.0]"
635,53,0.1,"[6.0, 68.0]","[0.6714289, -1.0]"
635,54,0,"[6.0, 68.0]","[-1.0, -0.5327293]"
635,55,0,"[6.0, 68.0]","[0.8855051, -0.7959646]"
635,56,0.1,"[-7.0, 66.0]","[0.042056333, -0.83966434]"
635,57,0,"[-7.0, 66.0]","[-0.4183839, -1.0]"
635,58,0,"[-7.0, 66.0]","[-1.0, -1.0]"
635,59,0.1,"[-13.0, 64.0]","[-1.0, -1.0]"
635,60,0,"[-13.0, 64.0]","[-1.0, -0.70171225]"
635,61,0,"[-13.0, 64.0]","[-1.0, -0.6563619]"
635,62,0.1,"[-16.0, 61.0]","[-1.0, -0.58122027]"
635,63,0,"[-16.0, 61.0]","[-1.0, -1.0]"
635,64,0,"[-16.0, 61.0]","[-1.0, -1.0]"
635,65,0.1,"[-11.0, 58.0]","[-0.96409476, -1.0]"
635,66,0,"[-11.0, 58.0]","[-0.7284938, -1.0]"
635,67,0,"[-11.0, 58.0]","[-0.10203855, -1.0]"
635,68,0.1,"[-5.0, 56.0]","[0.20805436, -0.7127411]"
635,69,0,"[-5.0, 56.0]","[0.1739647, -0.41726732]"
635,70,0,"[-5.0, 56.0]","[0.17931904, -0.529302]"
635,71,0.1,"[12.0, 53.0]","[0.11149875, -0.23830722]"
635,72,0,"[12.0, 53.0]","[1.0, -0.7203347]"
635,73,0,"[12.0, 53.0]","[1.0, -0.48215535]"
635,74,0.1,"[14.0, 51.0]","[1.0, -1.0]"
635,75,0,"[14.0, 51.0]","[1.0, -0.89074785]"
635,76,0,"[14.0, 51.0]","[1.0, -0.6796298]"
635,77,0,"[14.0, 51.0]","[1.0, -0.77787954]"
635,78,0.1,"[11.0, 48.0]","[1.0, -0.62352794]"
635,79,0,"[11.0, 48.0]","[0.8611897, -0.8989376]"
635,80,0,"[11.0, 48.0]","[0.83798593, -1.0]"
635,81,0.1,"[6.0, 46.0]","[0.28346872, -1.0]"
635,82,0,"[6.0, 46.0]","[-0.41325274, -0.8686704]"
635,83,0,"[6.0, 46.0]","[-1.0, -0.77736616]"
635,84,0.1,"[10.0, 43.0]","[-1.0, -0.7983243]"
635,85,0,"[10.0, 43.0]","[-0.002665281, -0.65716434]"
635,86,0,"[10.0, 43.0]","[0.33163035, -0.14785536]"
635,87,0.1,"[-13.0, 41.0]","[0.5848861, -0.18327963]"
635,88,0,"[-13.0, 41.0]","[-1.0, -0.31828886]"
635,89,0,"[-13.0, 41.0]","[-1.0, -0.48945248]"
635,90,0.1,"[-6.0, 37.0]","[-1.0, -0.9643923]"
635,91,0,"[-6.0, 37.0]","[-1.0, -0.42736584]"
635,92,0,"[-6.0, 37.0]","[-1.0, -0.59892327]"
635,93,0.1,"[2.0, 36.0]","[-1.0, -0.6926008]"
635,94,0,"[2.0, 36.0]","[-1.0, -0.65352863]"
635,95,0,"[2.0, 36.0]","[-1.0, -0.719395]"
635,96,0,"[-12.0, 34.0]","[-1.0, -1.0]"
635,97,0,"[-12.0, 34.0]","[-1.0, -1.0]"
635,98,0,"[-12.0, 34.0]","[-0.99673283, -0.96334845]"
635,99,0.1,"[9.0, 31.0]","[-1.0, -1.0]"
635,100,0,"[9.0, 31.0]","[0.9455506, -0.7209599]"
635,101,0,"[9.0, 31.0]","[0.8239969, -1.0]"
635,102,0.1,"[8.0, 28.0]","[0.79267585, -1.0]"
635,103,0,"[8.0, 28.0]","[0.7791357, -1.0]"
635,104,0,"[8.0, 28.0]","[1.0, -0.9806075]"
635,105,0,"[32.0, 26.0]","[1.0, -0.94741243]"
635,106,0,"[32.0, 26.0]","[-0.5165961, -1.0]"
635,107,0,"[32.0, 26.0]","[0.14236338, -1.0]"
635,108,0.1,"[18.0, 23.0]","[-0.49457592, -1.0]"
635,109,0,"[18.0, 23.0]","[0.31933975, -1.0]"
635,110,0,"[18.0, 23.0]","[0.03836583, -1.0]"
635,111,0.1,"[3.0, 21.0]","[-0.1846787, -1.0]"
635,112,0,"[3.0, 21.0]","[0.5065144, -0.91871387]"
635,113,0,"[3.0, 21.0]","[0.7031326, -0.91921157]"
635,114,0,"[22.0, 18.0]","[0.8123752, -0.9112675]"
635,115,0,"[22.0, 18.0]","[-1.0, -1.0]"
635,116,0,"[22.0, 18.0]","[-1.0, -1.0]"
635,117,0,"[22.0, 18.0]","[-1.0, -0.65783525]"
635,118,0.1,"[10.0, 16.0]","[-0.83898985, -0.71221006]"
635,119,0,"[10.0, 16.0]","[0.75462794, -0.43092054]"
635,120,0,"[10.0, 16.0]","[1.0, -0.44309685]"
635,121,0.1,"[-3.0, 13.0]","[0.86129713, 0.18916504]"
635,122,0,"[-3.0, 13.0]","[-1.0, -0.1385355]"
635,123,0,"[-3.0, 13.0]","[0.32573828, -0.21633951]"
636,0,0,"[-14.0, 104.0]","[1.0, -1.0]"
636,1,0,"[-14.0, 104.0]","[-1.0, -1.0]"
636,2,0,"[-14.0, 104.0]","[-0.80661005, -1.0]"
636,3,0,"[-14.0, 104.0]","[-0.83520144, -1.0]"
636,4,0,"[-22.0, 112.0]","[-1.0, -1.0]"
636,5,0,"[-22.0, 112.0]","[-1.0, -1.0]"
636,6,0,"[-22.0, 112.0]","[-1.0, -0.781666]"
636,7,0.1,"[-23.0, 110.0]","[-1.0, -1.0]"
636,8,0,"[-23.0, 110.0]","[-1.0, -1.0]"
636,9,0,"[-23.0, 110.0]","[-1.0, -1.0]"
636,10,0.1,"[-19.0, 106.0]","[-1.0, -1.0]"
636,11,0,"[-19.0, 106.0]","[-1.0, -1.0]"
636,12,0,"[-19.0, 106.0]","[-1.0, -1.0]"
636,13,0.1,"[-15.0, 103.0]","[-1.0, -0.7703727]"
636,14,0,"[-15.0, 103.0]","[-1.0, -0.5404668]"
636,15,0,"[-15.0, 103.0]","[-1.0, -0.7741941]"
636,16,0.1,"[-12.0, 100.0]","[-1.0, -0.8437283]"
636,17,0,"[-12.0, 100.0]","[-1.0, -0.851021]"
636,18,0,"[-12.0, 100.0]","[-1.0, -0.648522]"
636,19,0.1,"[-9.0, 97.0]","[-0.21957844, -0.92170733]"
636,20,0,"[-9.0, 97.0]","[-0.6530229, -1.0]"
636,21,0,"[-9.0, 97.0]","[-0.55906135, -1.0]"
636,22,0.1,"[-5.0, 94.0]","[-0.6236312, -1.0]"
636,23,0,"[-5.0, 94.0]","[-0.63547, -0.8338922]"
636,24,0,"[-5.0, 94.0]","[-0.027392754, -0.9532061]"
636,25,0,"[-5.0, 94.0]","[-0.2665795, -0.78959185]"
636,26,0.1,"[0.0, 92.0]","[-0.18470447, -0.5484126]"
636,27,0,"[0.0, 92.0]","[0.27897072, -0.9643662]"
636,28,0,"[0.0, 92.0]","[0.022087425, -1.0]"
636,29,0.1,"[8.0, 89.0]","[-0.3194065, -1.0]"
636,30,0,"[8.0, 89.0]","[1.0, -1.0]"
636,31,0,"[8.0, 89.0]","[0.9553489, -1.0]"
636,32,0.1,"[10.0, 86.0]","[0.2776088, -1.0]"
636,33,0,"[10.0, 86.0]","[1.0, -0.7456176]"
636,34,0,"[10.0, 86.0]","[1.0, -0.5653367]"
636,35,0.1,"[17.0, 84.0]","[1.0, -0.40631652]"
636,36,0,"[17.0, 84.0]","[1.0, -0.42342296]"
636,37,0,"[17.0, 84.0]","[1.0, -0.39092132]"
636,38,0.1,"[13.0, 82.0]","[1.0, -0.43296874]"
636,39,0,"[13.0, 82.0]","[0.89789826, -0.43215445]"
636,40,0,"[13.0, 82.0]","[0.7632869, -0.4681417]"
636,41,0.1,"[8.0, 79.0]","[1.0, -0.7498446]"
636,42,0,"[8.0, 79.0]","[-0.23925696, -0.73118544]"
636,43,0,"[8.0, 79.0]","[0.734413, -0.62232834]"
636,44,0.1,"[-4.0, 76.0]","[-0.115986854, -0.6044215]"
636,45,0,"[-4.0, 76.0]","[-0.92234397, -0.9206154]"
636,46,0,"[-4.0, 76.0]","[-1.0, -0.8491888]"
636,47,0.1,"[-12.0, 74.0]","[-0.98554164, -1.0]"
636,48,0,"[-12.0, 74.0]","[-1.0, -0.9584156]"
636,49,0,"[-12.0, 74.0]","[-1.0, -0.5754929]"
636,50,0.1,"[-16.0, 71.0]","[-1.0, -0.7382817]"
636,51,0,"[-16.0, 71.0]","[-1.0, -1.0]"
636,52,0,"[-16.0, 71.0]","[-1.0, -0.81125325]"
636,53,0.1,"[-11.0, 69.0]","[-1.0, -0.7663619]"
636,54,0,"[-11.0, 69.0]","[-1.0, -0.7243893]"
636,55,0,"[-11.0, 69.0]","[-0.76778406, -0.32382682]"
636,56,0.1,"[-6.0, 66.0]","[-0.41403773, -1.0]"
636,57,0,"[-6.0, 66.0]","[-0.26675776, -0.87266225]"
636,58,0,"[-6.0, 66.0]","[-0.3932369, -0.8642942]"
636,59,0.1,"[-2.0, 63.0]","[-0.08659391, -0.18052708]"
636,60,0,"[-2.0, 63.0]","[-0.030051507, -0.2662298]"
636,61,0,"[-2.0, 63.0]","[0.14584886, -0.2561763]"
636,62,0.1,"[9.0, 60.0]","[-0.36504397, -0.28037655]"
636,63,0,"[9.0, 60.0]","[0.91789746, -0.690104]"
636,64,0,"[9.0, 60.0]","[1.0, -0.98113257]"
636,65,0,"[16.0, 59.0]","[1.0, -0.95228654]"
636,66,0,"[16.0, 59.0]","[1.0, -0.99460536]"
636,67,0,"[16.0, 59.0]","[1.0, -0.41526103]"
636,68,0.1,"[19.0, 56.0]","[1.0, -0.22179018]"
636,69,0,"[19.0, 56.0]","[1.0, -0.28395805]"
636,70,0,"[19.0, 56.0]","[1.0, -0.27121183]"
636,71,0,"[19.0, 56.0]","[1.0, -0.33377093]"
636,72,0.1,"[15.0, 53.0]","[0.9989173, -0.77220625]"
636,73,0,"[15.0, 53.0]","[1.0, -0.91232294]"
636,74,0,"[15.0, 53.0]","[1.0, -0.86474997]"
636,75,0.1,"[10.0, 51.0]","[1.0, -1.0]"
636,76,0,"[10.0, 51.0]","[1.0, -0.9978621]"
636,77,0,"[10.0, 51.0]","[1.0, -0.7586935]"
636,78,0.1,"[6.0, 48.0]","[1.0, -0.97663176]"
636,79,0,"[6.0, 48.0]","[0.5597309, -0.9146447]"
636,80,0,"[6.0, 48.0]","[-0.17958558, -1.0]"
636,81,0.1,"[2.0, 46.0]","[-1.0, -1.0]"
636,82,0,"[2.0, 46.0]","[-1.0, -1.0]"
636,83,0,"[2.0, 46.0]","[-1.0, -1.0]"
636,84,0,"[-18.0, 43.0]","[-1.0, -1.0]"
636,85,0,"[-18.0, 43.0]","[-1.0, -1.0]"
636,86,0,"[-18.0, 43.0]","[-1.0, -0.97716004]"
636,87,0.1,"[-16.0, 41.0]","[-1.0, -0.66031617]"
636,88,0,"[-16.0, 41.0]","[-1.0, -0.13254489]"
636,89,0,"[-16.0, 41.0]","[-1.0, -0.018447176]"
636,90,0.1,"[6.0, 36.0]","[-1.0, -0.40360638]"
636,91,0,"[6.0, 36.0]","[-0.37203372, -0.505454]"
636,92,0,"[6.0, 36.0]","[0.5173734, -0.04249288]"
636,93,0.1,"[10.0, 35.0]","[0.15217187, 0.15561719]"
636,94,0,"[10.0, 35.0]","[0.8997035, 0.24281402]"
636,95,0,"[10.0, 35.0]","[0.35592726, 0.15596645]"
636,96,0.1,"[13.0, 22.0]","[1.0, 0.18856792]"
636,97,0,"[13.0, 22.0]","[1.0, -0.13869321]"
636,98,0,"[13.0, 22.0]","[1.0, -0.37059647]"
636,99,0,"[13.0, 29.0]","[1.0, -0.46847922]"
636,100,0,"[13.0, 29.0]","[1.0, -0.59212846]"
636,101,0,"[13.0, 29.0]","[1.0, -1.0]"
636,102,0,"[9.0, 38.0]","[1.0, -1.0]"
636,103,0,"[9.0, 38.0]","[1.0, -1.0]"
636,104,0,"[9.0, 38.0]","[0.61223024, -1.0]"
636,105,0,"[21.0, 36.0]","[1.0, -0.9384846]"
636,106,0,"[21.0, 36.0]","[1.0, -1.0]"
636,107,0,"[21.0, 36.0]","[1.0, -0.66527736]"
636,108,0.1,"[0.0, 33.0]","[1.0, -1.0]"
636,109,0,"[0.0, 33.0]","[0.73361593, -1.0]"
636,110,0,"[0.0, 33.0]","[0.12849118, -1.0]"
636,111,0,"[0.0, 33.0]","[-0.5838661, -1.0]"
636,112,0.1,"[-5.0, 29.0]","[-1.0, -1.0]"
636,113,0,"[-5.0, 29.0]","[-0.46230033, -1.0]"
636,114,0,"[-5.0, 29.0]","[-1.0, -0.75550944]"
636,115,0,"[-23.0, 27.0]","[-0.98704857, -0.76354384]"
636,116,0,"[-23.0, 27.0]","[0.12138106, -0.45430765]"
636,117,0,"[-23.0, 27.0]","[-0.12472279, -0.24197666]"
636,118,0.1,"[-15.0, 24.0]","[0.17567334, 0.18117541]"
636,119,0,"[-15.0, 24.0]","[0.65447265, 0.10720782]"
636,120,0,"[-15.0, 24.0]","[0.6851777, -0.25825924]"
636,121,0.1,"[15.0, 11.0]","[0.5807382, -0.6593698]"
636,122,0,"[15.0, 11.0]","[-0.6087625, -0.9191197]"
636,123,0,"[15.0, 11.0]","[-0.9647954, -0.95003116]"
636,124,0,"[9.0, 20.0]","[-0.13055678, -0.79600376]"
636,125,0,"[9.0, 20.0]","[0.70319784, -0.68302363]"
636,126,0,"[9.0, 20.0]","[1.0, -0.48565057]"
636,127,0.1,"[-8.0, 19.0]","[1.0, -0.79966736]"
636,128,0,"[-8.0, 19.0]","[-0.6383243, -0.5953371]"
636,129,0,"[-8.0, 19.0]","[0.26734743, -0.9502474]"
636,130,0.1,"[-11.0, 17.0]","[-0.6140634, -0.9129344]"
636,131,0,"[-11.0, 17.0]","[-0.21137062, -1.0]"
636,132,0,"[-11.0, 17.0]","[0.15700918, -0.9057633]"
636,133,0,"[-17.0, 14.0]","[0.46624404, -1.0]"
636,134,0,"[-17.0, 14.0]","[0.16044605, -0.9996917]"
636,135,0,"[-17.0, 14.0]","[0.47225973, -0.5365244]"
636,136,0.1,"[-3.0, 11.0]","[0.7743197, -0.55493075]"
636,137,0,"[-3.0, 11.0]","[-1.0, -1.0]"
636,138,0,"[-3.0, 11.0]","[-0.32145613, -1.0]"
636,139,0,"[-15.0, 8.0]","[-0.2949606, -1.0]"
636,140,0,"[-15.0, 8.0]","[-0.2256207, -1.0]"
636,141,0,"[-15.0, 8.0]","[-0.30704266, -1.0]"
636,142,0,"[-22.0, 6.0]","[-0.026934193, -0.8193448]"
636,143,0,"[-22.0, 6.0]","[-0.6095043, -0.99408287]"
636,144,0,"[-22.0, 6.0]","[-1.0, -0.6611178]"
636,145,0,"[-22.0, 6.0]","[-0.6504659, -0.254669]"
636,146,0.1,"[-17.0, 3.0]","[-0.4963724, -0.44555166]"
636,147,0,"[-17.0, 3.0]","[0.061401002, -0.74755055]"
636,148,0,"[-17.0, 3.0]","[0.1509623, -0.61431265]"
637,0,0,"[-14.0, 104.0]","[-0.5820012, -1.0]"
637,1,0,"[-14.0, 104.0]","[-0.51637286, -1.0]"
637,2,0,"[-14.0, 104.0]","[-0.8084161, -1.0]"
637,3,0,"[-14.0, 104.0]","[-0.73689294, -1.0]"
637,4,0,"[-23.0, 112.0]","[-1.0, -0.7761758]"
637,5,0,"[-23.0, 112.0]","[-0.54682094, -0.9694925]"
637,6,0,"[-23.0, 112.0]","[-0.5150476, -0.792196]"
637,7,0.1,"[-21.0, 110.0]","[-0.7872785, -0.588398]"
637,8,0,"[-21.0, 110.0]","[-0.39636993, -0.7672345]"
637,9,0,"[-21.0, 110.0]","[-0.5556142, -1.0]"
637,10,0.1,"[-17.0, 107.0]","[-0.93198323, -1.0]"
637,11,0,"[-17.0, 107.0]","[-0.7806602, -1.0]"
637,12,0,"[-17.0, 107.0]","[-1.0, -1.0]"
637,13,0.1,"[-13.0, 104.0]","[-0.7920247, -1.0]"
637,14,0,"[-13.0, 104.0]","[-0.4907605, -1.0]"
637,15,0,"[-13.0, 104.0]","[-0.6944852, -1.0]"
637,16,0.1,"[-10.0, 101.0]","[-0.88670635, -1.0]"
637,17,0,"[-10.0, 101.0]","[-0.57032585, -1.0]"
637,18,0,"[-10.0, 101.0]","[-1.0, -1.0]"
637,19,0.1,"[-7.0, 98.0]","[-1.0, -0.7626595]"
637,20,0,"[-7.0, 98.0]","[-1.0, -1.0]"
637,21,0,"[-7.0, 98.0]","[-1.0, -0.72088474]"
637,22,0.1,"[-4.0, 95.0]","[-1.0, -0.7109302]"
637,23,0,"[-4.0, 95.0]","[-1.0, -0.38632128]"
637,24,0,"[-4.0, 95.0]","[-1.0, -0.61211365]"
637,25,0.1,"[-1.0, 93.0]","[-1.0, -0.64669883]"
637,26,0,"[-1.0, 93.0]","[-0.6885681, -0.92876047]"
637,27,0,"[-1.0, 93.0]","[-0.55271983, -1.0]"
637,28,0.1,"[1.0, 90.0]","[-0.44039044, -1.0]"
637,29,0,"[1.0, 90.0]","[-0.4640375, -1.0]"
637,30,0,"[1.0, 90.0]","[-0.5323059, -0.5266215]"
637,31,0.1,"[4.0, 87.0]","[-0.63734955, -0.41002518]"
637,32,0,"[4.0, 87.0]","[-0.3849739, -0.7159733]"
637,33,0,"[4.0, 87.0]","[-1.0, -0.89679074]"
637,34,0,"[4.0, 87.0]","[-1.0, -0.72530884]"
637,35,0.1,"[7.0, 85.0]","[-1.0, -0.8630804]"
637,36,0,"[7.0, 85.0]","[-0.6948099, -0.7909285]"
637,37,0,"[7.0, 85.0]","[-1.0, -1.0]"
637,38,0.1,"[9.0, 82.0]","[-1.0, -0.9947135]"
637,39,0,"[9.0, 82.0]","[-0.1654133, -0.71353537]"
637,40,0,"[9.0, 82.0]","[-1.0, -0.6442765]"
637,41,0.1,"[13.0, 80.0]","[0.07245976, -0.26187605]"
637,42,0,"[13.0, 80.0]","[0.37548986, -0.51951116]"
637,43,0,"[13.0, 80.0]","[0.573695, -0.5784468]"
637,44,0,"[28.0, 78.0]","[0.5660251, -0.48971432]"
637,45,0,"[28.0, 78.0]","[0.5264619, -0.48030818]"
637,46,0,"[28.0, 78.0]","[0.5825701, -0.8297809]"
637,47,0.1,"[32.0, 75.0]","[0.6726617, -1.0]"
637,48,0,"[32.0, 75.0]","[1.0, -1.0]"
637,49,0,"[32.0, 75.0]","[0.95417726, -1.0]"
637,50,0.1,"[28.0, 72.0]","[0.7120536, -0.8348281]"
637,51,0,"[28.0, 72.0]","[0.4495873, -1.0]"
637,52,0,"[28.0, 72.0]","[0.25480458, -0.67824125]"
637,53,0.1,"[23.0, 69.0]","[0.20649923, -1.0]"
637,54,0,"[23.0, 69.0]","[0.7482652, -1.0]"
637,55,0,"[23.0, 69.0]","[1.0, -0.7777609]"
637,56,0.1,"[18.0, 67.0]","[1.0, -0.9249594]"
637,57,0,"[18.0, 67.0]","[0.83672655, -1.0]"
637,58,0,"[18.0, 67.0]","[1.0, -1.0]"
637,59,0.1,"[15.0, 64.0]","[0.8634146, -1.0]"
637,60,0,"[15.0, 64.0]","[1.0, -1.0]"
637,61,0,"[15.0, 64.0]","[0.48268056, -1.0]"
637,62,0.1,"[11.0, 62.0]","[0.3701138, -0.9695959]"
637,63,0,"[11.0, 62.0]","[0.21559569, -0.8924851]"
637,64,0,"[11.0, 62.0]","[0.45475295, -0.33844808]"
637,65,0.1,"[8.0, 59.0]","[0.52783716, -0.21444081]"
637,66,0,"[8.0, 59.0]","[0.17587599, -0.501771]"
637,67,0,"[8.0, 59.0]","[0.37006128, -0.28601313]"
637,68,0.1,"[4.0, 56.0]","[0.4949899, -0.6195474]"
637,69,0,"[4.0, 56.0]","[-0.6456527, -1.0]"
637,70,0,"[4.0, 56.0]","[-0.9969826, -1.0]"
637,71,0.1,"[-9.0, 54.0]","[-0.7912122, -1.0]"
637,72,0,"[-9.0, 54.0]","[-1.0, -0.7599313]"
637,73,0,"[-9.0, 54.0]","[-0.8109121, -1.0]"
637,74,0.1,"[-15.0, 52.0]","[-1.0, -1.0]"
637,75,0,"[-15.0, 52.0]","[-1.0, -1.0]"
637,76,0,"[-15.0, 52.0]","[-1.0, -0.9021009]"
637,77,0.1,"[-11.0, 49.0]","[-1.0, -1.0]"
637,78,0,"[-11.0, 49.0]","[-1.0, -0.86499894]"
637,79,0,"[-11.0, 49.0]","[-0.7940186, -1.0]"
637,80,0.1,"[-6.0, 46.0]","[-1.0, -0.96618176]"
637,81,0,"[-6.0, 46.0]","[-0.77495676, -0.5614846]"
637,82,0,"[-6.0, 46.0]","[-0.9501618, -0.9283131]"
637,83,0.1,"[-2.0, 44.0]","[-0.81579185, -1.0]"
637,84,0,"[-2.0, 44.0]","[-1.0, -1.0]"
637,85,0,"[-2.0, 44.0]","[-1.0, -1.0]"
637,86,0,"[19.0, 41.0]","[-0.767836, -0.7719035]"
637,87,0,"[19.0, 41.0]","[0.8662595, -1.0]"
637,88,0,"[19.0, 41.0]","[1.0, -1.0]"
637,89,0,"[33.0, 39.0]","[1.0, -1.0]"
637,90,0,"[33.0, 39.0]","[1.0, -1.0]"
637,91,0,"[33.0, 39.0]","[1.0, -1.0]"
637,92,0.1,"[25.0, 36.0]","[1.0, -1.0]"
637,93,0,"[25.0, 36.0]","[1.0, -1.0]"
637,94,0,"[25.0, 36.0]","[1.0, -1.0]"
637,95,0,"[37.0, 34.0]","[1.0, -1.0]"
637,96,0,"[37.0, 34.0]","[1.0, -1.0]"
637,97,0,"[37.0, 34.0]","[1.0, -1.0]"
637,98,0.1,"[15.0, 31.0]","[1.0, -1.0]"
637,99,0,"[15.0, 31.0]","[1.0, -0.8762759]"
637,100,0,"[15.0, 31.0]","[1.0, -0.9744829]"
637,101,0.1,"[11.0, 28.0]","[1.0, -0.6651584]"
637,102,0,"[11.0, 28.0]","[1.0, -1.0]"
637,103,0,"[11.0, 28.0]","[1.0, -1.0]"
637,104,0.1,"[7.0, 26.0]","[1.0, -1.0]"
637,105,0,"[7.0, 26.0]","[0.8238732, -0.92713374]"
637,106,0,"[7.0, 26.0]","[1.0, -1.0]"
637,107,0,"[7.0, 26.0]","[1.0, -0.68884933]"
637,108,0,"[21.0, 23.0]","[1.0, -0.6989782]"
637,109,0,"[21.0, 23.0]","[0.29801056, -0.991416]"
637,110,0,"[21.0, 23.0]","[0.028130922, -1.0]"
637,111,0.1,"[18.0, 20.0]","[0.057262026, -1.0]"
637,112,0,"[18.0, 20.0]","[-0.32177284, -0.6980773]"
637,113,0,"[18.0, 20.0]","[-0.095479496, -0.6999582]"
637,114,0.1,"[-13.0, 18.0]","[-0.6977085, -0.6127041]"
637,115,0,"[-13.0, 18.0]","[-0.404114, -0.6253315]"
637,116,0,"[-13.0, 18.0]","[-0.25877124, -0.80224735]"
637,117,0,"[-19.0, 15.0]","[-0.0373836, -0.800367]"
637,118,0,"[-19.0, 15.0]","[-0.31081492, -0.34223303]"
637,119,0,"[-19.0, 15.0]","[0.26251563, -0.08132912]"
637,120,0.1,"[4.0, 13.0]","[0.3206757, -0.23073353]"
637,121,0,"[4.0, 13.0]","[0.7973157, -0.39088395]"
637,122,0,"[4.0, 13.0]","[0.3746422, -0.75881344]"
637,123,0.1,"[5.0, 10.0]","[0.83512497, -0.78615105]"
637,124,0,"[5.0, 10.0]","[-0.17180769, -1.0]"
637,125,0,"[5.0, 10.0]","[0.15870947, -1.0]"
638,0,0,"[-14.0, 104.0]","[1.0, -0.7279325]"
638,1,0,"[-14.0, 104.0]","[-0.9036145, -0.49408227]"
638,2,0,"[-14.0, 104.0]","[-0.7047079, -0.8162898]"
638,3,0,"[-14.0, 104.0]","[-1.0, -0.11006554]"
638,4,0,"[-22.0, 112.0]","[-0.9717945, -0.10398113]"
638,5,0,"[-22.0, 112.0]","[-1.0, 0.16824315]"
638,6,0,"[-22.0, 112.0]","[-1.0, 0.24366832]"
638,7,0.1,"[-23.0, 100.0]","[-1.0, -0.06469436]"
638,8,0,"[-23.0, 100.0]","[-0.92836535, -0.014161985]"
638,9,0,"[-23.0, 100.0]","[-1.0, -0.21847405]"
638,10,0,"[-23.0, 100.0]","[-0.5354598, -0.6122638]"
638,11,0,"[-19.0, 101.0]","[-0.48572782, -0.22738083]"
638,12,0,"[-19.0, 101.0]","[-0.86056376, -0.40119416]"
638,13,0,"[-15.0, 109.0]","[-0.11335619, -0.5706669]"
638,14,0,"[-15.0, 109.0]","[-0.41251, -0.53878725]"
638,15,0,"[-15.0, 109.0]","[-0.31460017, -0.37152258]"
638,16,0.1,"[-11.0, 108.0]","[-0.34370992, -0.6901596]"
638,17,0,"[-11.0, 108.0]","[-0.41759804, -1.0]"
638,18,0,"[-11.0, 108.0]","[-0.4540384, -0.8019401]"
638,19,0,"[-11.0, 108.0]","[-0.66976154, -1.0]"
638,20,0.1,"[-9.0, 104.0]","[-0.4990539, -0.9570784]"
638,21,0,"[-9.0, 104.0]","[-0.43552586, -0.5502305]"
638,22,0,"[-9.0, 104.0]","[-0.37931097, -0.16662198]"
638,23,0.1,"[-6.0, 101.0]","[-0.57131726, -0.15066606]"
638,24,0,"[-6.0, 101.0]","[-0.6175869, -0.4126701]"
638,25,0,"[-6.0, 101.0]","[0.02793883, -0.75559056]"
638,26,0.1,"[-3.0, 96.0]","[0.29240492, -0.40919143]"
638,27,0,"[-3.0, 96.0]","[0.7748377, -0.7315572]"
638,28,0,"[-3.0, 96.0]","[1.0, -1.0]"
638,29,0,"[16.0, 96.0]","[1.0, -1.0]"
638,30,0,"[16.0, 96.0]","[1.0, -0.84143203]"
638,31,0,"[16.0, 96.0]","[1.0, -0.6865854]"
638,32,0.1,"[16.0, 94.0]","[1.0, -1.0]"
638,33,0,"[16.0, 94.0]","[1.0, -1.0]"
638,34,0,"[16.0, 94.0]","[1.0, -1.0]"
638,35,0.1,"[11.0, 91.0]","[1.0, -1.0]"
638,36,0,"[11.0, 91.0]","[1.0, -1.0]"
638,37,0,"[11.0, 91.0]","[1.0, -1.0]"
638,38,0.1,"[6.0, 88.0]","[0.90265226, -1.0]"
638,39,0,"[6.0, 88.0]","[-0.63314587, -1.0]"
638,40,0,"[6.0, 88.0]","[-0.026668068, -1.0]"
638,41,0,"[6.0, 88.0]","[-0.73882985, -1.0]"
638,42,0.1,"[-10.0, 85.0]","[-0.1331427, -1.0]"
638,43,0,"[-10.0, 85.0]","[-0.7468007, -1.0]"
638,44,0.1,"[-15.0, 83.0]","[-0.5867474, -0.80678517]"
638,45,0,"[-15.0, 83.0]","[-0.88466376, -0.7394565]"
638,46,0,"[-15.0, 83.0]","[-1.0, -1.0]"
638,47,0.1,"[-15.0, 80.0]","[-1.0, -0.8147976]"
638,48,0,"[-15.0, 80.0]","[-1.0, -0.9888781]"
638,49,0,"[-15.0, 80.0]","[-1.0, -1.0]"
638,50,0.1,"[-11.0, 77.0]","[-1.0, -1.0]"
638,51,0,"[-11.0, 77.0]","[-1.0, -1.0]"
638,52,0,"[-11.0, 77.0]","[-1.0, -1.0]"
638,53,0,"[-11.0, 77.0]","[-1.0, -1.0]"
638,54,0.1,"[-6.0, 75.0]","[-0.82347924, -1.0]"
638,55,0,"[-6.0, 75.0]","[-1.0, -1.0]"
638,56,0,"[-6.0, 75.0]","[-0.90192664, -1.0]"
638,57,0.1,"[-2.0, 72.0]","[-1.0, -1.0]"
638,58,0,"[-2.0, 72.0]","[-0.9870345, -1.0]"
638,59,0,"[-2.0, 72.0]","[-1.0, -1.0]"
638,60,0.1,"[1.0, 69.0]","[-0.9363031, -1.0]"
638,61,0,"[1.0, 69.0]","[-0.7881777, -1.0]"
638,62,0,"[1.0, 69.0]","[-1.0, -1.0]"
638,63,0.1,"[4.0, 67.0]","[-1.0, -1.0]"
638,64,0,"[4.0, 67.0]","[-1.0, -1.0]"
638,65,0,"[4.0, 67.0]","[-1.0, -1.0]"
638,66,0.1,"[7.0, 64.0]","[-0.6130884, -1.0]"
638,67,0,"[7.0, 64.0]","[-0.5021295, -1.0]"
638,68,0,"[7.0, 64.0]","[-0.6270661, -1.0]"
638,69,0.1,"[10.0, 62.0]","[-0.7892868, -1.0]"
638,70,0,"[10.0, 62.0]","[1.0, -1.0]"
638,71,0,"[10.0, 62.0]","[0.9434431, -0.81432605]"
638,72,0,"[24.0, 59.0]","[0.5068638, -0.89408475]"
638,73,0,"[24.0, 59.0]","[0.27829978, -0.691686]"
638,74,0,"[24.0, 59.0]","[0.09002082, -0.9895721]"
638,75,0,"[30.0, 57.0]","[0.28381547, -1.0]"
638,76,0,"[30.0, 57.0]","[0.5959367, -0.6518071]"
638,77,0,"[30.0, 57.0]","[0.34129527, -0.40269125]"
638,78,0,"[30.0, 57.0]","[0.32550257, -0.75460863]"
638,79,0.1,"[27.0, 54.0]","[0.817942, -0.7747232]"
638,80,0,"[27.0, 54.0]","[1.0, -0.72282565]"
638,81,0.1,"[23.0, 52.0]","[1.0, -0.5988687]"
638,82,0,"[23.0, 52.0]","[1.0, -0.08181447]"
638,83,0,"[23.0, 52.0]","[1.0, -0.1701235]"
638,84,0.1,"[18.0, 46.0]","[1.0, -0.53503644]"
638,85,0,"[18.0, 46.0]","[1.0, -0.25980353]"
638,86,0,"[18.0, 46.0]","[1.0, -0.33315292]"
638,87,0,"[18.0, 46.0]","[1.0, -0.35669625]"
638,88,0.1,"[14.0, 47.0]","[0.9645201, -0.8838476]"
638,89,0,"[14.0, 47.0]","[0.85213953, -1.0]"
638,90,0,"[14.0, 47.0]","[1.0, -1.0]"
638,91,0.1,"[11.0, 45.0]","[0.99118066, -1.0]"
638,92,0,"[11.0, 45.0]","[0.9002885, -1.0]"
638,93,0,"[11.0, 45.0]","[0.67518157, -0.63488764]"
638,94,0.1,"[8.0, 43.0]","[1.0, -0.70249844]"
638,95,0,"[8.0, 43.0]","[1.0, -0.50582296]"
638,96,0,"[8.0, 43.0]","[0.7906685, -0.4467583]"
638,97,0.1,"[5.0, 40.0]","[1.0, -0.64680004]"
638,98,0,"[5.0, 40.0]","[0.19731888, -0.286153]"
638,99,0,"[5.0, 40.0]","[-0.541346, -0.14442435]"
638,100,0.1,"[1.0, 37.0]","[-0.4160103, -0.2305391]"
638,101,0,"[1.0, 37.0]","[-0.5702518, -0.44391012]"
638,102,0,"[1.0, 37.0]","[-0.8237486, -0.65365183]"
638,103,0,"[-18.0, 34.0]","[-0.53321904, -0.74074674]"
638,104,0,"[-18.0, 34.0]","[0.34612864, -1.0]"
638,105,0,"[-18.0, 34.0]","[1.0, -1.0]"
638,106,0.1,"[-3.0, 33.0]","[1.0, -0.68484205]"
638,107,0,"[-3.0, 33.0]","[-0.85159755, -0.9042342]"
638,108,0,"[-3.0, 33.0]","[-0.3512893, -1.0]"
638,109,0.1,"[10.0, 30.0]","[-0.47874624, -1.0]"
638,110,0,"[10.0, 30.0]","[1.0, -1.0]"
638,111,0,"[10.0, 30.0]","[1.0, -1.0]"
638,112,0.1,"[2.0, 28.0]","[1.0, -1.0]"
638,113,0,"[2.0, 28.0]","[1.0, -1.0]"
638,114,0,"[2.0, 28.0]","[1.0, -1.0]"
638,115,0,"[23.0, 25.0]","[1.0, -1.0]"
638,116,0,"[23.0, 25.0]","[0.38743287, -1.0]"
638,117,0,"[23.0, 25.0]","[0.03669601, -1.0]"
638,118,0.1,"[2.0, 22.0]","[-0.22955373, -1.0]"
638,119,0,"[2.0, 22.0]","[-0.4445879, -1.0]"
638,120,0,"[2.0, 22.0]","[-0.7393726, -1.0]"
638,121,0,"[-17.0, 20.0]","[-0.796849, -1.0]"
638,122,0,"[-17.0, 20.0]","[-0.6629868, -1.0]"
638,123,0,"[-17.0, 20.0]","[-1.0, -1.0]"
638,124,0.1,"[0.0, 17.0]","[-1.0, -1.0]"
638,125,0,"[0.0, 17.0]","[-1.0, -1.0]"
638,126,0,"[0.0, 17.0]","[-1.0, -1.0]"
638,127,0.1,"[5.0, 15.0]","[-1.0, -1.0]"
638,128,0,"[5.0, 15.0]","[-0.5076806, -1.0]"
638,129,0,"[5.0, 15.0]","[-0.4395103, -1.0]"
638,130,0,"[5.0, 15.0]","[0.062101785, -0.8765516]"
638,131,0.1,"[-8.0, 12.0]","[0.6789025, -1.0]"
638,132,0,"[-8.0, 12.0]","[-0.7589744, -1.0]"
638,133,0,"[-8.0, 12.0]","[-0.762991, -1.0]"
638,134,0.1,"[5.0, 10.0]","[-1.0, -0.6902161]"
638,135,0,"[5.0, 10.0]","[-1.0, -1.0]"
638,136,0,"[5.0, 10.0]","[-1.0, -1.0]"
639,0,0,"[-14.0, 104.0]","[1.0, -0.9919955]"
639,1,0,"[-14.0, 104.0]","[-0.704201, -1.0]"
639,2,0,"[-14.0, 104.0]","[-0.8362838, -1.0]"
639,3,0,"[-14.0, 104.0]","[-0.5969364, -0.8879699]"
639,4,0,"[-21.0, 112.0]","[-0.74034834, -0.9460759]"
639,5,0,"[-21.0, 112.0]","[-0.7028326, -1.0]"
639,6,0,"[-21.0, 112.0]","[-0.9846609, -1.0]"
639,7,0.1,"[-23.0, 110.0]","[-0.6838561, -1.0]"
639,8,0,"[-23.0, 110.0]","[-1.0, -1.0]"
639,9,0,"[-23.0, 110.0]","[-0.9035037, -1.0]"
639,10,0.1,"[-19.0, 106.0]","[-1.0, -1.0]"
639,11,0,"[-19.0, 106.0]","[-1.0, -1.0]"
639,12,0,"[-19.0, 106.0]","[-1.0, -1.0]"
639,13,0.1,"[-16.0, 103.0]","[-0.9501476, -1.0]"
639,14,0,"[-16.0, 103.0]","[-0.52518976, -1.0]"
639,15,0,"[-16.0, 103.0]","[-0.24294706, -1.0]"
639,16,0.1,"[-12.0, 100.0]","[-0.059498917, -1.0]"
639,17,0,"[-12.0, 100.0]","[-0.42403555, -1.0]"
639,18,0,"[-12.0, 100.0]","[-0.38753465, -1.0]"
639,19,0.1,"[-7.0, 97.0]","[-0.4751461, -1.0]"
639,20,0,"[-7.0, 97.0]","[-0.9286919, -1.0]"
639,21,0,"[-7.0, 97.0]","[-0.3273674, -1.0]"
639,22,0.1,"[-7.0, 94.0]","[-0.7980862, -1.0]"
639,23,0,"[-7.0, 94.0]","[-0.9976279, -1.0]"
639,24,0,"[-7.0, 94.0]","[-1.0, -1.0]"
639,25,0.1,"[-4.0, 92.0]","[-1.0, -1.0]"
639,26,0,"[-4.0, 92.0]","[-1.0, -1.0]"
639,27,0,"[-4.0, 92.0]","[-1.0, -1.0]"
639,28,0.1,"[-1.0, 89.0]","[-1.0, -0.6525217]"
639,29,0,"[-1.0, 89.0]","[-1.0, -0.7183281]"
639,30,0,"[-1.0, 89.0]","[-0.45817894, -0.7081806]"
639,31,0.1,"[2.0, 86.0]","[-0.4719782, -1.0]"
639,32,0,"[2.0, 86.0]","[-0.9903197, -1.0]"
639,33,0,"[2.0, 86.0]","[-0.85352194, -1.0]"
639,34,0,"[2.0, 86.0]","[-0.9237731, -1.0]"
639,35,0.1,"[5.0, 84.0]","[-1.0, -1.0]"
639,36,0,"[5.0, 84.0]","[-0.47404236, -1.0]"
639,37,0,"[5.0, 84.0]","[-1.0, -1.0]"
639,38,0.1,"[7.0, 81.0]","[-0.31450266, -1.0]"
639,39,0,"[7.0, 81.0]","[-0.24193008, -1.0]"
639,40,0,"[7.0, 81.0]","[0.06985441, -1.0]"
639,41,0.1,"[10.0, 79.0]","[-0.5343059, -0.81417584]"
639,42,0,"[10.0, 79.0]","[0.68222904, -1.0]"
639,43,0,"[10.0, 79.0]","[-0.18523076, -0.85490584]"
639,44,0,"[23.0, 77.0]","[0.5623679, -0.8402982]"
639,45,0,"[23.0, 77.0]","[1.0, -0.98911047]"
639,46,0,"[23.0, 77.0]","[1.0, -0.90488005]"
639,47,0.1,"[29.0, 74.0]","[1.0, -1.0]"
639,48,0,"[29.0, 74.0]","[1.0, -1.0]"
639,49,0,"[29.0, 74.0]","[1.0, -0.50400674]"
639,50,0.1,"[28.0, 71.0]","[0.734919, -0.87733704]"
639,51,0,"[28.0, 71.0]","[0.8295948, -1.0]"
639,52,0,"[28.0, 71.0]","[0.4914309, -1.0]"
639,53,0.1,"[23.0, 69.0]","[0.82081443, -1.0]"
639,54,0,"[23.0, 69.0]","[0.98718184, -1.0]"
639,55,0,"[23.0, 69.0]","[0.89464206, -1.0]"
639,56,0.1,"[19.0, 66.0]","[1.0, -1.0]"
639,57,0,"[19.0, 66.0]","[1.0, -1.0]"
639,58,0,"[19.0, 66.0]","[0.7074144, -1.0]"
639,59,0.1,"[15.0, 63.0]","[0.43064395, -1.0]"
639,60,0,"[15.0, 63.0]","[0.06740073, -1.0]"
639,61,0,"[15.0, 63.0]","[0.37952104, -1.0]"
639,62,0,"[15.0, 63.0]","[0.15789896, -1.0]"
639,63,0.1,"[9.0, 61.0]","[0.5629564, -1.0]"
639,64,0,"[9.0, 61.0]","[0.6785544, -1.0]"
639,65,0,"[9.0, 61.0]","[0.37719414, -1.0]"
639,66,0.1,"[8.0, 58.0]","[0.43729642, -1.0]"
639,67,0,"[8.0, 58.0]","[0.368682, -1.0]"
639,68,0,"[8.0, 58.0]","[0.35231927, -0.7290292]"
639,69,0.1,"[6.0, 56.0]","[0.03631936, -0.84644014]"
639,70,0,"[6.0, 56.0]","[-0.7285008, -1.0]"
639,71,0,"[6.0, 56.0]","[-0.52004814, -1.0]"
639,72,0.1,"[-9.0, 53.0]","[-0.7135098, -1.0]"
639,73,0,"[-9.0, 53.0]","[-1.0, -1.0]"
639,74,0,"[-9.0, 53.0]","[-1.0, -1.0]"
639,75,0.1,"[-15.0, 51.0]","[-1.0, -1.0]"
639,76,0,"[-15.0, 51.0]","[-0.9505957, -0.52687305]"
639,77,0,"[-15.0, 51.0]","[-0.76545626, -0.73947704]"
639,78,0.1,"[-11.0, 48.0]","[-0.84629065, -0.7903635]"
639,79,0,"[-11.0, 48.0]","[-1.0, -0.40494227]"
639,80,0,"[-11.0, 48.0]","[-0.7267204, -0.88215154]"
639,81,0.1,"[-6.0, 45.0]","[-0.864112, -0.5152822]"
639,82,0,"[-6.0, 45.0]","[-1.0, -0.5056991]"
639,83,0,"[-6.0, 45.0]","[-1.0, -0.82115567]"
639,84,0.1,"[-1.0, 43.0]","[-1.0, -0.56542087]"
639,85,0,"[-1.0, 43.0]","[-1.0, -0.7435632]"
639,86,0,"[-1.0, 43.0]","[-1.0, -1.0]"
639,87,0.1,"[2.0, 40.0]","[-1.0, -0.93675065]"
639,88,0,"[2.0, 40.0]","[-1.0, -0.5135366]"
639,89,0,"[2.0, 40.0]","[-1.0, -0.7213483]"
639,90,0.1,"[6.0, 38.0]","[-1.0, -1.0]"
639,91,0,"[6.0, 38.0]","[-0.5223939, -0.98147845]"
639,92,0,"[6.0, 38.0]","[-0.24139163, -1.0]"
639,93,0,"[25.0, 35.0]","[0.06856823, -1.0]"
639,94,0,"[25.0, 35.0]","[0.16873163, -1.0]"
639,95,0,"[25.0, 35.0]","[0.5603518, -1.0]"
639,96,0.1,"[26.0, 33.0]","[0.98270726, -0.8333693]"
639,97,0,"[26.0, 33.0]","[1.0, -0.6662402]"
639,98,0,"[26.0, 33.0]","[1.0, -0.49616715]"
639,99,0,"[26.0, 33.0]","[0.9305111, -0.9018692]"
639,100,0,"[44.0, 30.0]","[0.7843746, -1.0]"
639,101,0,"[44.0, 30.0]","[-0.32988137, -1.0]"
639,102,0,"[44.0, 30.0]","[0.56039476, -0.84064883]"
639,103,0.1,"[32.0, 28.0]","[-0.43274054, -0.84772056]"
639,104,0,"[32.0, 28.0]","[0.3018501, -0.9888518]"
639,105,0,"[32.0, 28.0]","[-0.5229924, -1.0]"
639,106,0.1,"[13.0, 25.0]","[-0.107384026, -1.0]"
639,107,0,"[13.0, 25.0]","[0.12822464, -0.75398505]"
639,108,0,"[13.0, 25.0]","[0.2921378, -0.6999122]"
639,109,0.1,"[11.0, 23.0]","[0.5165379, -0.64679617]"
639,110,0,"[11.0, 23.0]","[0.88894427, -0.8621921]"
639,111,0,"[11.0, 23.0]","[0.9920552, -0.37895074]"
639,112,0,"[36.0, 20.0]","[0.7866001, -0.595829]"
639,113,0,"[36.0, 20.0]","[0.03742839, -0.91773033]"
639,114,0,"[36.0, 20.0]","[-0.09545784, -1.0]"
639,115,0.1,"[13.0, 17.0]","[0.14229421, -1.0]"
639,116,0,"[13.0, 17.0]","[-0.38570178, -1.0]"
639,117,0,"[13.0, 17.0]","[-0.6748114, -1.0]"
639,118,0.1,"[1.0, 15.0]","[-0.11877292, -1.0]"
639,119,0,"[1.0, 15.0]","[-0.806777, -1.0]"
639,120,0,"[1.0, 15.0]","[-0.54639375, -1.0]"
639,121,0,"[1.0, 15.0]","[-0.48723832, -1.0]"
639,122,0.1,"[-1.0, 12.0]","[-0.64356166, -1.0]"
639,123,0,"[-1.0, 12.0]","[-0.47919947, -1.0]"
639,124,0.1,"[1.0, 10.0]","[-1.0, -1.0]"
639,125,0,"[1.0, 10.0]","[0.567717, -1.0]"
639,126,0,"[1.0, 10.0]","[-0.71203834, -1.0]"
639,127,0,"[14.0, 7.0]","[0.49623913, -0.808584]"
639,128,0,"[14.0, 7.0]","[0.749947, -0.5705734]"
639,129,0,"[14.0, 7.0]","[0.483155, -0.72334063]"
639,130,0,"[14.0, 7.0]","[0.63714635, -0.7449529]"
639,131,0,"[25.0, 4.0]","[0.5515984, -1.0]"
639,132,0,"[25.0, 4.0]","[-0.57142663, -1.0]"
639,133,0,"[25.0, 4.0]","[0.57159233, -1.0]"
639,134,0.1,"[17.0, 2.0]","[-0.29489225, -1.0]"
639,135,0,"[17.0, 2.0]","[1.0, -1.0]"
639,136,0,"[17.0, 2.0]","[0.5104578, -1.0]"
639,137,0.1,"[12.0, 0.0]","[0.52041197, -1.0]"
639,138,0,"[12.0, 0.0]","[0.7932978, -1.0]"
639,139,0,"[12.0, 0.0]","[0.77705055, -1.0]"
639,140,0,"[19.0, -3.0]","[0.3902977, -1.0]"
639,141,0,"[19.0, -3.0]","[0.42090797, -1.0]"
639,142,0,"[19.0, -3.0]","[0.6275134, -1.0]"
639,143,0.1,"[16.0, -6.0]","[0.45562753, -1.0]"
639,144,0,"[16.0, -6.0]","[0.70050997, -1.0]"
639,145,0,"[16.0, -6.0]","[0.44641355, -1.0]"
639,146,0.1,"[12.0, -8.0]","[0.4245099, -0.8891466]"
639,147,0,"[12.0, -8.0]","[0.7493621, -1.0]"
639,148,0,"[12.0, -8.0]","[0.4680947, -1.0]"
639,149,0.1,"[9.0, -11.0]","[0.53699124, -0.97765946]"
639,150,0,"[9.0, -11.0]","[-1.0, -0.94097406]"
639,151,0,"[9.0, -11.0]","[0.70720065, -1.0]"
639,152,0,"[14.0, -13.0]","[-1.0, -1.0]"
639,153,0,"[14.0, -13.0]","[1.0, -1.0]"
639,154,0,"[14.0, -13.0]","[-0.86301494, -1.0]"
639,155,0.1,"[-4.0, -16.0]","[0.80261844, -1.0]"
639,156,0,"[-4.0, -16.0]","[1.0, -1.0]"
639,157,0,"[-4.0, -16.0]","[1.0, -1.0]"
639,158,0,"[18.0, -18.0]","[1.0, -1.0]"
639,159,0,"[18.0, -18.0]","[1.0, -1.0]"
639,160,0,"[18.0, -18.0]","[0.90174365, -1.0]"
639,161,0.1,"[5.0, -21.0]","[1.0, -1.0]"
639,162,0,"[5.0, -21.0]","[0.16173027, -1.0]"
639,163,0,"[5.0, -21.0]","[1.0, -1.0]"
639,164,0,"[17.0, -23.0]","[-0.0354212, -1.0]"
639,165,0,"[17.0, -23.0]","[1.0, -1.0]"
639,166,0,"[17.0, -23.0]","[-0.06555211, -1.0]"
639,167,0.1,"[-5.0, -26.0]","[0.47070736, -1.0]"
639,168,0,"[-5.0, -26.0]","[0.16184154, -1.0]"
639,169,0,"[-5.0, -26.0]","[-0.06435311, -1.0]"
639,170,0,"[-6.0, -29.0]","[0.37447163, -1.0]"
639,171,0,"[-6.0, -29.0]","[0.6156684, -1.0]"
639,172,0,"[-6.0, -29.0]","[0.3773209, -1.0]"
639,173,0,"[-5.0, -31.0]","[0.31783843, -1.0]"
639,174,0,"[-5.0, -31.0]","[0.118876554, -1.0]"
639,175,0,"[-5.0, -31.0]","[0.59187675, -1.0]"
639,176,0,"[-8.0, -33.0]","[0.120163955, -1.0]"
639,177,0,"[-8.0, -33.0]","[0.79185194, -1.0]"
639,178,0,"[-8.0, -33.0]","[0.063286066, -1.0]"
639,179,0,"[7.0, -36.0]","[0.8522004, -1.0]"
639,180,0,"[7.0, -36.0]","[-0.5203728, -1.0]"
639,181,0,"[7.0, -36.0]","[1.0, -1.0]"
639,182,0,"[-4.0, -38.0]","[-0.3525468, -1.0]"
639,183,0,"[-4.0, -38.0]","[-0.64317465, -1.0]"
639,184,0,"[-4.0, -38.0]","[-0.5960858, -1.0]"
639,185,0,"[-27.0, -41.0]","[-1.0, -1.0]"
639,186,0,"[-27.0, -41.0]","[0.71701, -1.0]"
639,187,0,"[-27.0, -41.0]","[0.97918844, -1.0]"
639,188,0.1,"[-13.0, -44.0]","[0.41739008, -0.6660669]"
639,189,0,"[-13.0, -44.0]","[-0.34878168, -0.66297436]"
639,190,0,"[-13.0, -44.0]","[0.29979783, -0.19470593]"
639,191,0,"[-13.0, -44.0]","[-0.24560212, -0.6546152]"
639,192,0,"[4.0, -47.0]","[0.08290484, -1.0]"
639,193,0,"[4.0, -47.0]","[-0.9124744, -1.0]"
639,194,0,"[4.0, -47.0]","[-1.0, -1.0]"
639,195,0,"[-3.0, -49.0]","[-0.593155, -1.0]"
639,196,0,"[-3.0, -49.0]","[-0.9939823, -1.0]"
639,197,0,"[-3.0, -49.0]","[-1.0, -1.0]"
639,198,0,"[-24.0, -51.0]","[-0.7624679, -1.0]"
639,199,0,"[-24.0, -51.0]","[1.0, -1.0]"
639,200,0,"[-24.0, -51.0]","[1.0, -1.0]"
639,201,0.1,"[6.0, -54.0]","[1.0, -1.0]"
639,202,0,"[6.0, -54.0]","[-0.33804378, -1.0]"
639,203,0,"[6.0, -54.0]","[-0.52376586, -1.0]"
639,204,0,"[-10.0, -56.0]","[-0.18827496, -1.0]"
639,205,0,"[-10.0, -56.0]","[-0.4532762, -1.0]"
639,206,0,"[-10.0, -56.0]","[-0.4404561, -1.0]"
639,207,0,"[-2.0, -59.0]","[-0.00031923567, -1.0]"
639,208,0,"[-2.0, -59.0]","[-0.32556978, -1.0]"
639,209,0,"[-2.0, -59.0]","[-0.4445814, -1.0]"
639,210,0,"[3.0, -61.0]","[-0.7076362, -1.0]"
639,211,0,"[3.0, -61.0]","[-0.54137367, -1.0]"
639,212,0,"[3.0, -61.0]","[-0.5701678, -1.0]"
639,213,0,"[-15.0, -64.0]","[0.07513266, -1.0]"
639,214,0,"[-15.0, -64.0]","[0.026832443, -1.0]"
639,215,0,"[-15.0, -64.0]","[-0.24821807, -1.0]"
639,216,0,"[14.0, -66.0]","[-0.4086595, -1.0]"
639,217,0,"[14.0, -66.0]","[-0.6803168, -1.0]"
639,218,0,"[14.0, -66.0]","[-0.71212703, -1.0]"
639,219,0,"[7.0, -69.0]","[-0.81696856, -1.0]"
639,220,0,"[7.0, -69.0]","[-0.90223175, -1.0]"
639,221,0,"[7.0, -69.0]","[-1.0, -1.0]"
639,222,0,"[-9.0, -72.0]","[-0.9831359, -1.0]"
639,223,0,"[-9.0, -72.0]","[-0.8984643, -1.0]"
639,224,0,"[-9.0, -72.0]","[-1.0, -1.0]"
639,225,0,"[11.0, -74.0]","[-1.0, -1.0]"
639,226,0,"[11.0, -74.0]","[-1.0, -1.0]"
639,227,0,"[11.0, -74.0]","[-1.0, -1.0]"
639,228,0,"[14.0, -77.0]","[-1.0, -1.0]"
639,229,0,"[14.0, -77.0]","[-1.0, -0.87874275]"
639,230,0,"[14.0, -77.0]","[-1.0, -1.0]"
639,231,0,"[1.0, -79.0]","[-1.0, -1.0]"
639,232,0,"[1.0, -79.0]","[-1.0, -1.0]"
639,233,0,"[1.0, -79.0]","[-1.0, -1.0]"
639,234,0,"[20.0, -82.0]","[-0.9612309, -1.0]"
639,235,0,"[20.0, -82.0]","[-0.8364405, -1.0]"
639,236,0,"[20.0, -82.0]","[-0.3151429, -1.0]"
639,237,0,"[6.0, -85.0]","[0.002427386, -1.0]"
639,238,0,"[6.0, -85.0]","[-0.4343251, -1.0]"
639,239,0,"[6.0, -85.0]","[-0.4592995, -1.0]"
639,240,0,"[28.0, -87.0]","[-0.3770187, -1.0]"
639,241,0,"[28.0, -87.0]","[-0.27199665, -1.0]"
639,242,0,"[28.0, -87.0]","[-0.2532523, -0.897658]"
639,243,0,"[28.0, -87.0]","[-0.28111234, -0.14029126]"
639,244,0,"[27.0, -90.0]","[-0.56188405, 0.2959693]"
639,245,0,"[27.0, -90.0]","[-0.44688484, 0.3599945]"
639,246,0,"[13.0, -105.0]","[-0.66432893, 0.2788804]"
639,247,0,"[13.0, -105.0]","[-1.0, -0.19216193]"
639,248,0,"[13.0, -105.0]","[-1.0, -0.43279356]"
639,249,0,"[13.0, -105.0]","[-1.0, 0.011537945]"
639,250,0.1,"[16.0, -96.0]","[-0.98546845, 0.05864257]"
639,251,0,"[16.0, -96.0]","[-1.0, -0.33216086]"
639,252,0,"[16.0, -96.0]","[-1.0, -0.695672]"
639,253,0.1,"[19.0, -95.0]","[-1.0, -1.0]"
639,254,0,"[19.0, -95.0]","[-1.0, -0.9637899]"
639,255,0,"[19.0, -95.0]","[-1.0, -1.0]"
639,256,0.1,"[22.0, -91.0]","[-0.99090946, -1.0]"
639,257,0,"[22.0, -91.0]","[-0.8837186, -0.9240188]"
639,258,0,"[22.0, -91.0]","[-1.0, -0.9377327]"
639,259,0,"[24.0, -93.0]","[-1.0, -0.86217856]"
639,260,0,"[24.0, -93.0]","[-1.0, -0.58048075]"
639,261,0,"[24.0, -93.0]","[-0.9978099, -0.48931307]"
639,262,0,"[27.0, -96.0]","[-1.0, -0.21222971]"
639,263,0,"[27.0, -96.0]","[-1.0, 0.07016084]"
639,264,0,"[27.0, -96.0]","[-1.0, 0.39577422]"
639,265,0,"[30.0, -105.0]","[-1.0, 0.4217601]"
639,266,0,"[30.0, -105.0]","[-1.0, 0.080834016]"
639,267,0,"[30.0, -105.0]","[-1.0, -0.028993603]"
639,268,0,"[49.0, -121.0]","[-1.0, -0.41837633]"
639,269,0,"[49.0, -121.0]","[-1.0, -1.0]"
639,270,0,"[49.0, -121.0]","[-0.98223555, -0.69644785]"
639,271,0.1,"[35.0, -100.0]","[-1.0, -0.963817]"
639,272,0,"[35.0, -100.0]","[-0.998056, -0.96065414]"
639,273,0,"[35.0, -100.0]","[-1.0, -0.66513735]"
639,274,0.1,"[37.0, -99.0]","[-1.0, -0.8382417]"
639,275,0,"[37.0, -99.0]","[-0.7947751, -0.8411949]"
639,276,0,"[37.0, -99.0]","[-0.9808067, -0.73729175]"
639,277,0,"[40.0, -102.0]","[-1.0, -0.39400324]"
639,278,0,"[40.0, -102.0]","[-1.0, -0.26308766]"
639,279,0,"[40.0, -102.0]","[-0.8633054, -0.5557505]"
639,280,0,"[58.0, -105.0]","[-0.77172446, -0.41304946]"
639,281,0,"[58.0, -105.0]","[1.0, -0.3835822]"
639,282,0,"[58.0, -105.0]","[1.0, -0.6227916]"
639,283,0,"[58.0, -105.0]","[1.0, -0.9694197]"
639,284,0,"[58.0, -110.0]","[1.0, -1.0]"
639,285,0,"[58.0, -110.0]","[1.0, -1.0]"
639,286,0,"[65.0, -112.0]","[1.0, -1.0]"
639,287,0,"[65.0, -112.0]","[1.0, -1.0]"
639,288,0,"[65.0, -112.0]","[1.0, -1.0]"
639,289,0,"[60.0, -115.0]","[1.0, -1.0]"
639,290,0,"[60.0, -115.0]","[1.0, -1.0]"
639,291,0,"[60.0, -115.0]","[1.0, -1.0]"
639,292,0,"[60.0, -115.0]","[0.8828663, -1.0]"
639,293,0,"[70.0, -118.0]","[0.6532219, -1.0]"
639,294,0,"[70.0, -118.0]","[0.6395109, -1.0]"
639,295,0.1,"[50.0, -120.0]","[0.39465755, -1.0]"
639,296,0,"[50.0, -120.0]","[-1.0, -1.0]"
639,297,0,"[50.0, -120.0]","[-1.0, -1.0]"
639,298,0,"[50.0, -120.0]","[-1.0, -1.0]"
639,299,0.1,"[32.0, -122.0]","[-1.0, -1.0]"
639,300,0,"[32.0, -122.0]","[-1.0, -1.0]"
639,301,0,"[32.0, -122.0]","[-1.0, -1.0]"
639,302,0.1,"[34.0, -118.0]","[-1.0, -1.0]"
639,303,0,"[34.0, -118.0]","[-1.0, -1.0]"
639,304,0,"[34.0, -118.0]","[-1.0, -0.8117446]"
639,305,0,"[32.0, -127.0]","[-1.0, -0.9158193]"
639,306,0,"[32.0, -127.0]","[-0.9192125, -1.0]"
639,307,0,"[32.0, -127.0]","[-0.6293956, -1.0]"
639,308,0,"[79.0, -130.0]","[-0.76092905, -1.0]"
639,309,0,"[79.0, -130.0]","[1.0, -1.0]"
639,310,0,"[79.0, -130.0]","[1.0, -1.0]"
639,311,0.1,"[51.0, -133.0]","[1.0, -0.9357916]"
639,312,0,"[51.0, -133.0]","[-0.94509965, -0.69179684]"
639,313,0,"[51.0, -133.0]","[-0.8676775, -0.9442378]"
639,314,0,"[50.0, -141.0]","[-0.6772274, -1.0]"
639,315,0,"[50.0, -141.0]","[-0.9448393, -1.0]"
639,316,0,"[50.0, -141.0]","[-0.8872767, -1.0]"
639,317,0.1,"[41.0, -137.0]","[-0.6647984, -1.0]"
639,318,0,"[41.0, -137.0]","[-0.6141935, -1.0]"
639,319,0,"[41.0, -137.0]","[-0.12655406, -0.9613445]"
639,320,0,"[43.0, -140.0]","[-0.28289962, -0.5120383]"
639,321,0,"[43.0, -140.0]","[-0.6863687, -0.4542246]"
639,322,0,"[43.0, -140.0]","[-0.888277, -0.64454556]"
639,323,0,"[63.0, -137.0]","[-1.0, -1.0]"
639,324,0,"[63.0, -137.0]","[0.65938944, -1.0]"
639,325,0,"[63.0, -137.0]","[-0.12706491, -1.0]"
639,326,0,"[62.0, -149.0]","[0.4391663, -1.0]"
639,327,0,"[62.0, -149.0]","[-1.0, -1.0]"
639,328,0,"[62.0, -149.0]","[-0.95086503, -1.0]"
639,329,0,"[108.0, -148.0]","[-0.94049466, -1.0]"
639,330,0,"[108.0, -148.0]","[0.9351459, -1.0]"
639,331,0,"[108.0, -148.0]","[1.0, -1.0]"
639,332,0.1,"[63.0, -152.0]","[1.0, -1.0]"
639,333,0,"[63.0, -152.0]","[-0.9724394, -1.0]"
639,334,0,"[63.0, -152.0]","[-1.0, -1.0]"
639,335,0.1,"[55.0, -153.0]","[-0.9243237, -1.0]"
639,336,0,"[55.0, -153.0]","[-0.9933266, -0.9676635]"
639,337,0,"[55.0, -153.0]","[-0.92907876, -0.6943184]"
639,338,0,"[49.0, -156.0]","[-0.6563995, -0.5138872]"
639,339,0,"[49.0, -156.0]","[-0.88324744, -0.70104414]"
639,340,0,"[49.0, -156.0]","[-1.0, -0.87146187]"
639,341,0,"[49.0, -156.0]","[-0.97803473, -0.34232327]"
639,342,0,"[52.0, -158.0]","[-0.9883067, -0.22714014]"
639,343,0,"[52.0, -158.0]","[-0.547501, 0.43550143]"
639,344,0,"[52.0, -158.0]","[-0.56788856, 0.1923105]"
639,345,0,"[56.0, -169.0]","[-0.34169322, 0.3135806]"
639,346,0,"[56.0, -169.0]","[-0.82327676, 0.06471676]"
639,347,0,"[56.0, -169.0]","[-0.6407232, -0.08712444]"
639,348,0,"[61.0, -184.0]","[-0.6964772, -0.33114135]"
639,349,0,"[61.0, -184.0]","[-0.62758577, -0.4366955]"
639,350,0,"[61.0, -184.0]","[-0.8301159, -1.0]"
639,351,0.1,"[62.0, -160.0]","[-1.0, -1.0]"
639,352,0,"[62.0, -160.0]","[-1.0, -1.0]"
639,353,0,"[62.0, -160.0]","[-0.96828425, -1.0]"
639,354,0,"[76.0, -162.0]","[-0.9937859, -1.0]"
639,355,0,"[76.0, -162.0]","[1.0, -1.0]"
639,356,0,"[76.0, -162.0]","[0.27751848, -1.0]"
639,357,0,"[80.0, -164.0]","[0.8503754, -1.0]"
639,358,0,"[80.0, -164.0]","[1.0, -1.0]"
639,359,0,"[80.0, -164.0]","[0.9262288, -1.0]"
639,360,0,"[87.0, -174.0]","[1.0, -1.0]"
639,361,0,"[87.0, -174.0]","[1.0, -1.0]"
639,362,0,"[87.0, -174.0]","[1.0, -1.0]"
639,363,0,"[83.0, -176.0]","[1.0, -1.0]"
639,364,0,"[83.0, -176.0]","[0.070580006, -1.0]"
639,365,0,"[83.0, -176.0]","[0.87107277, -1.0]"
639,366,0.1,"[78.0, -178.0]","[0.8520805, -0.6477543]"
639,367,0,"[78.0, -178.0]","[-0.47273275, -0.31273097]"
639,368,0,"[78.0, -178.0]","[-0.46645233, -0.8493686]"
639,369,0,"[78.0, -178.0]","[-0.8150373, -1.0]"
639,370,0.1,"[66.0, -179.0]","[0.115985915, -0.84916556]"
639,371,0,"[66.0, -179.0]","[-1.0, -0.86164486]"
639,372,0,"[66.0, -179.0]","[-1.0, -0.62987137]"
639,373,0,"[66.0, -184.0]","[-0.9672737, -0.9872673]"
639,374,0,"[66.0, -184.0]","[-0.9245911, -1.0]"
639,375,0,"[66.0, -184.0]","[-0.8343331, -1.0]"
639,376,0.1,"[60.0, -182.0]","[-1.0, -0.8603954]"
639,377,0,"[60.0, -182.0]","[-0.867805, -0.675854]"
639,378,0,"[60.0, -182.0]","[-0.70336735, -0.8790424]"
639,379,0,"[64.0, -191.0]","[-0.9494763, -0.87809074]"
639,380,0,"[64.0, -191.0]","[-0.85381365, -0.71824056]"
639,381,0,"[64.0, -191.0]","[-0.55059355, -0.8172869]"
639,382,0,"[71.0, -192.0]","[-0.5197884, -0.7323776]"
639,383,0,"[71.0, -192.0]","[-0.90832996, -0.9580414]"
639,384,0,"[71.0, -192.0]","[-0.9589278, -1.0]"
639,385,0.1,"[74.0, -188.0]","[-1.0, -1.0]"
639,386,0,"[74.0, -188.0]","[-1.0, -0.9308646]"
639,387,0,"[74.0, -188.0]","[-0.8720758, -1.0]"
639,388,0,"[80.0, -195.0]","[-0.9983841, -1.0]"
639,389,0,"[80.0, -195.0]","[-0.45125803, -1.0]"
639,390,0,"[80.0, -195.0]","[-0.1733163, -1.0]"
639,391,0,"[128.0, -196.0]","[-0.06594187, -1.0]"
639,392,0,"[128.0, -196.0]","[1.0, -1.0]"
639,393,0,"[128.0, -196.0]","[0.8930945, -1.0]"
639,394,0.1,"[99.0, -190.0]","[0.81116617, -1.0]"
639,395,0,"[99.0, -190.0]","[0.3792502, -1.0]"
639,396,0,"[99.0, -190.0]","[0.41129044, -1.0]"
639,397,0,"[99.0, -194.0]","[0.5540608, -1.0]"
639,398,0,"[99.0, -194.0]","[0.569233, -1.0]"
639,399,0,"[99.0, -194.0]","[0.122198336, -1.0]"
639,400,0,"[145.0, -201.0]","[0.29779312, -1.0]"
639,401,0,"[145.0, -201.0]","[0.553778, -1.0]"
639,402,0,"[145.0, -201.0]","[1.0, -1.0]"
639,403,0.1,"[102.0, -198.0]","[0.9569338, -1.0]"
639,404,0,"[102.0, -198.0]","[1.0, -1.0]"
639,405,0,"[102.0, -198.0]","[1.0, -1.0]"
639,406,0,"[102.0, -198.0]","[0.68206954, -1.0]"
639,407,0.1,"[98.0, -200.0]","[0.74123126, -1.0]"
639,408,0,"[98.0, -200.0]","[-1.0, -1.0]"
639,409,0,"[113.0, -204.0]","[-0.97058654, -1.0]"
639,410,0,"[113.0, -204.0]","[0.01673619, -1.0]"
639,411,0,"[113.0, -204.0]","[0.13457096, -1.0]"
639,412,0,"[129.0, -205.0]","[0.5100221, -1.0]"
639,413,0,"[129.0, -205.0]","[0.76986605, -1.0]"
639,414,0,"[129.0, -205.0]","[0.7834578, -1.0]"
639,415,0,"[129.0, -205.0]","[0.70190966, -1.0]"
639,416,0,"[141.0, -207.0]","[0.9042947, -1.0]"
639,417,0,"[141.0, -207.0]","[0.5502316, -1.0]"
639,418,0,"[141.0, -207.0]","[0.82247466, -1.0]"
639,419,0.1,"[99.0, -208.0]","[0.6739919, -1.0]"
639,420,0,"[99.0, -208.0]","[0.011011104, -1.0]"
639,421,0,"[99.0, -208.0]","[0.34925714, -1.0]"
639,422,0,"[164.0, -209.0]","[-0.9829381, -1.0]"
639,423,0,"[164.0, -209.0]","[0.28260294, -0.85146725]"
639,424,0,"[164.0, -209.0]","[0.87484396, -0.92465407]"
639,425,0.1,"[115.0, -203.0]","[1.0, -0.62699753]"
639,426,0,"[115.0, -203.0]","[1.0, -0.77060574]"
639,427,0,"[115.0, -203.0]","[1.0, -0.9686013]"
639,428,0,"[126.0, -212.0]","[1.0, -1.0]"
639,429,0,"[126.0, -212.0]","[1.0, -1.0]"
639,430,0,"[126.0, -212.0]","[0.9744987, -0.8984782]"
639,431,0,"[133.0, -212.0]","[1.0, -1.0]"
639,432,0,"[133.0, -212.0]","[1.0, -0.9327211]"
639,433,0,"[133.0, -212.0]","[1.0, -1.0]"
639,434,0.1,"[120.0, -214.0]","[1.0, -1.0]"
639,435,0,"[120.0, -214.0]","[1.0, -1.0]"
639,436,0,"[120.0, -214.0]","[1.0, -1.0]"
639,437,0,"[124.0, -216.0]","[1.0, -1.0]"
639,438,0,"[124.0, -216.0]","[1.0, -1.0]"
639,439,0,"[124.0, -216.0]","[1.0, -1.0]"
639,440,0.1,"[111.0, -216.0]","[1.0, -1.0]"
639,441,0,"[111.0, -216.0]","[1.0, -1.0]"
639,442,0,"[111.0, -216.0]","[1.0, -1.0]"
639,443,0.1,"[86.0, -217.0]","[0.8402604, -1.0]"
639,444,0,"[86.0, -217.0]","[-1.0, -1.0]"
639,445,0,"[86.0, -217.0]","[-1.0, -1.0]"
639,446,0,"[86.0, -217.0]","[-1.0, -1.0]"
639,447,0.1,"[83.0, -214.0]","[-1.0, -1.0]"
639,448,0,"[83.0, -214.0]","[-0.84475213, -1.0]"
639,449,0,"[83.0, -214.0]","[-1.0, -1.0]"
639,450,0,"[109.0, -216.0]","[-0.6421424, -1.0]"
639,451,0,"[109.0, -216.0]","[1.0, -1.0]"
639,452,0,"[109.0, -216.0]","[1.0, -1.0]"
639,453,0.1,"[86.0, -222.0]","[0.50267696, -1.0]"
639,454,0,"[86.0, -222.0]","[-1.0, -1.0]"
639,455,0,"[86.0, -222.0]","[-1.0, -1.0]"
639,456,0,"[85.0, -223.0]","[-1.0, -1.0]"
639,457,0,"[85.0, -223.0]","[-1.0, -1.0]"
639,458,0,"[85.0, -223.0]","[-1.0, -1.0]"
639,459,0.1,"[56.0, -224.0]","[-1.0, -1.0]"
639,460,0,"[56.0, -224.0]","[-1.0, -1.0]"
639,461,0,"[56.0, -224.0]","[-1.0, -0.63554]"
639,462,0,"[98.0, -225.0]","[-1.0, -0.62757427]"
639,463,0,"[98.0, -225.0]","[-1.0, -0.9009212]"
639,464,0,"[98.0, -225.0]","[-1.0, -1.0]"
639,465,0,"[108.0, -227.0]","[-1.0, -0.68370765]"
639,466,0,"[108.0, -227.0]","[0.5198634, -0.52112854]"
639,467,0,"[108.0, -227.0]","[-0.70729053, -0.7517624]"
639,468,0,"[124.0, -229.0]","[0.16388778, -0.7426192]"
639,469,0,"[124.0, -229.0]","[0.20719743, -0.98639405]"
639,470,0,"[124.0, -229.0]","[0.110886306, -1.0]"
639,471,0.1,"[117.0, -230.0]","[0.31647116, -0.9733025]"
639,472,0,"[117.0, -230.0]","[0.45740393, -0.93258524]"
639,473,0,"[117.0, -230.0]","[1.0, -0.61957455]"
639,474,0.1,"[112.0, -232.0]","[1.0, -0.7447991]"
639,475,0,"[112.0, -232.0]","[1.0, -0.7614852]"
639,476,0,"[112.0, -232.0]","[1.0, -0.6523142]"
639,477,0,"[112.0, -233.0]","[1.0, -0.5047116]"
639,478,0,"[112.0, -233.0]","[1.0, -0.40681934]"
639,479,0,"[112.0, -233.0]","[0.93518764, -0.3566022]"
639,480,0.1,"[96.0, -234.0]","[1.0, -0.7311408]"
639,481,0,"[96.0, -234.0]","[-1.0, -1.0]"
639,482,0,"[96.0, -234.0]","[-1.0, -1.0]"
639,483,0,"[96.0, -234.0]","[-1.0, -1.0]"
639,484,0.1,"[84.0, -234.0]","[-1.0, -0.8990049]"
639,485,0,"[84.0, -234.0]","[-1.0, -0.67226666]"
639,486,0,"[84.0, -234.0]","[-1.0, -0.61105883]"
639,487,0,"[89.0, -235.0]","[-1.0, -0.17713986]"
639,488,0,"[89.0, -235.0]","[-1.0, -0.27044597]"
639,489,0,"[89.0, -235.0]","[-0.9660631, -0.7879696]"
639,490,-10,"[1000000.0, 1000000.0]","[-1.0, -0.35458404]"
639,491,0.1,"[-15.0, 104.0]","[0.2869444, -0.3795132]"
639,492,0,"[-15.0, 104.0]","[-0.5561362, -0.36026168]"
639,493,0,"[-15.0, 104.0]","[-0.95738, -0.22709312]"
639,494,0,"[-18.0, 113.0]","[-1.0, -0.22193095]"
639,495,0,"[-18.0, 113.0]","[-1.0, 0.029185813]"
639,496,0,"[-18.0, 113.0]","[-0.9031061, -0.0484428]"
639,497,0.1,"[-24.0, 106.0]","[-0.78164876, -0.4493438]"
639,498,0,"[-24.0, 106.0]","[-0.54265344, -0.3941776]"
639,499,0,"[-24.0, 106.0]","[0.06438254, -0.6603087]"
639,500,0,"[-21.0, 108.0]","[0.016433928, -1.0]"
639,501,0,"[-21.0, 108.0]","[-0.27301332, -1.0]"
639,502,0,"[-21.0, 108.0]","[-0.5025656, -1.0]"
639,503,0.1,"[-15.0, 108.0]","[-0.43191332, -1.0]"
639,504,0,"[-15.0, 108.0]","[-0.118647024, -0.9054122]"
639,505,0,"[-15.0, 108.0]","[0.06177129, -0.55438966]"
639,506,0.1,"[-11.0, 104.0]","[0.32417706, -0.83414733]"
639,507,0,"[-11.0, 104.0]","[0.13924418, -0.73241764]"
639,508,0,"[-11.0, 104.0]","[0.18068175, -0.29943994]"
639,509,0.1,"[1.0, 101.0]","[0.64369583, -0.19431958]"
639,510,0,"[1.0, 101.0]","[-0.75255746, 0.04116991]"
639,511,0,"[1.0, 101.0]","[0.74586385, -0.5723547]"
639,512,0,"[1.0, 101.0]","[-0.8794151, -0.281406]"
639,513,0.1,"[-5.0, 93.0]","[0.21111773, -0.55999005]"
639,514,0,"[-5.0, 93.0]","[-1.0, -1.0]"
639,515,0,"[-5.0, 93.0]","[-0.67757803, -0.8240346]"
639,516,0,"[-11.0, 96.0]","[-0.95602375, -1.0]"
639,517,0,"[-11.0, 96.0]","[-0.5236117, -1.0]"
639,518,0,"[-11.0, 96.0]","[-0.74553454, -1.0]"
639,519,0.1,"[-18.0, 94.0]","[-0.87562263, -0.7991996]"
639,520,0,"[-18.0, 94.0]","[-1.0, -1.0]"
639,521,0,"[-18.0, 94.0]","[-1.0, -1.0]"
639,522,0.1,"[-15.0, 91.0]","[-1.0, -0.7934937]"
639,523,0,"[-15.0, 91.0]","[-1.0, -0.62464947]"
639,524,0,"[-15.0, 91.0]","[-1.0, -0.80305266]"
639,525,0.1,"[-11.0, 88.0]","[-1.0, -1.0]"
639,526,0,"[-11.0, 88.0]","[-0.14693293, -0.962656]"
639,527,0,"[-11.0, 88.0]","[-0.45983332, -1.0]"
639,528,0.1,"[-6.0, 86.0]","[0.18202578, -1.0]"
639,529,0,"[-6.0, 86.0]","[-0.49035233, -0.9911539]"
639,530,0,"[-6.0, 86.0]","[-0.90766186, -1.0]"
639,531,0.1,"[1.0, 83.0]","[-0.9287757, -0.7033196]"
639,532,0,"[1.0, 83.0]","[-1.0, -0.97659487]"
639,533,0,"[1.0, 83.0]","[-1.0, -0.97969717]"
639,534,0.1,"[-3.0, 81.0]","[-0.95428604, -0.9178789]"
639,535,0,"[-3.0, 81.0]","[-0.82358265, -0.5560346]"
639,536,0,"[-3.0, 81.0]","[-0.85871863, -0.38565385]"
639,537,0.1,"[-1.0, 78.0]","[-1.0, -0.09924294]"
639,538,0,"[-1.0, 78.0]","[-0.5431225, -0.25915188]"
639,539,0,"[-1.0, 78.0]","[-1.0, -0.15578337]"
639,540,0.1,"[2.0, 74.0]","[-0.8823449, -0.34465295]"
639,541,0,"[2.0, 74.0]","[-0.7152877, -0.5361349]"
639,542,0,"[2.0, 74.0]","[-0.86700886, -0.13165373]"
639,543,0.1,"[5.0, 73.0]","[-0.6972033, -0.2384225]"
639,544,0,"[5.0, 73.0]","[-0.21844254, -0.6071326]"
639,545,0,"[5.0, 73.0]","[-1.0, -0.91653496]"
639,546,0.1,"[9.0, 71.0]","[-1.0, -0.92133325]"
639,547,0,"[9.0, 71.0]","[0.19199005, -0.95657855]"
639,548,0,"[9.0, 71.0]","[-0.54457057, -1.0]"
639,549,0.1,"[17.0, 69.0]","[0.90354395, -0.97411585]"
639,550,0,"[17.0, 69.0]","[1.0, -1.0]"
639,551,0,"[17.0, 69.0]","[1.0, -1.0]"
639,552,0,"[17.0, 69.0]","[1.0, -1.0]"
639,553,0,"[29.0, 67.0]","[1.0, -1.0]"
639,554,0,"[29.0, 67.0]","[1.0, -1.0]"
639,555,0,"[29.0, 67.0]","[1.0, -1.0]"
639,556,0.1,"[26.0, 64.0]","[1.0, -1.0]"
639,557,0,"[26.0, 64.0]","[1.0, -1.0]"
639,558,0,"[26.0, 64.0]","[1.0, -0.8860515]"
639,559,0.1,"[22.0, 61.0]","[1.0, -1.0]"
639,560,0,"[22.0, 61.0]","[1.0, -1.0]"
639,561,0,"[22.0, 61.0]","[1.0, -1.0]"
639,562,0.1,"[17.0, 59.0]","[1.0, -1.0]"
639,563,0,"[17.0, 59.0]","[1.0, -1.0]"
639,564,0,"[17.0, 59.0]","[1.0, -1.0]"
639,565,0.1,"[13.0, 56.0]","[1.0, -0.8390302]"
639,566,0,"[13.0, 56.0]","[1.0, -0.45100957]"
639,567,0,"[13.0, 56.0]","[1.0, -0.8925406]"
639,568,0.1,"[10.0, 53.0]","[1.0, -1.0]"
639,569,0,"[10.0, 53.0]","[1.0, -0.8954846]"
639,570,0,"[10.0, 53.0]","[1.0, -1.0]"
639,571,0.1,"[7.0, 51.0]","[1.0, -1.0]"
639,572,0,"[7.0, 51.0]","[1.0, -0.9711485]"
639,573,0,"[7.0, 51.0]","[1.0, -0.8569352]"
639,574,0.1,"[4.0, 48.0]","[1.0, -0.8533294]"
639,575,0,"[4.0, 48.0]","[0.4427535, -0.46661213]"
639,576,0,"[4.0, 48.0]","[0.08927753, -0.8010094]"
639,577,0,"[4.0, 48.0]","[-0.05444094, -0.6464416]"
639,578,0.1,"[-1.0, 45.0]","[-0.004461871, -1.0]"
639,579,0,"[-1.0, 45.0]","[-0.5328037, -0.94468105]"
639,580,0,"[-1.0, 45.0]","[-0.49865806, -1.0]"
639,581,0,"[-15.0, 43.0]","[-0.48693714, -1.0]"
639,582,0,"[-15.0, 43.0]","[-0.3123465, -1.0]"
639,583,0,"[-15.0, 43.0]","[-0.39835793, -1.0]"
639,584,0.1,"[-19.0, 41.0]","[-0.34137392, -0.69720185]"
639,585,0,"[-19.0, 41.0]","[-0.92814493, -0.6866136]"
639,586,0,"[-19.0, 41.0]","[-1.0, -0.80209327]"
639,587,0.1,"[-15.0, 38.0]","[-1.0, -1.0]"
639,588,0,"[-15.0, 38.0]","[-1.0, -1.0]"
639,589,0,"[-15.0, 38.0]","[-1.0, -1.0]"
639,590,0.1,"[-10.0, 35.0]","[-1.0, -1.0]"
639,591,0,"[-10.0, 35.0]","[-1.0, -0.76374]"
639,592,0,"[-10.0, 35.0]","[-1.0, -0.038604673]"
639,593,0.1,"[12.0, 33.0]","[-1.0, -0.068079524]"
639,594,0,"[12.0, 33.0]","[0.15871552, -0.35837942]"
639,595,0,"[12.0, 33.0]","[0.466368, -0.42936823]"
639,596,0.1,"[6.0, 28.0]","[0.6828673, -0.53598607]"
639,597,0,"[6.0, 28.0]","[1.0, -0.6999329]"
639,598,0,"[6.0, 28.0]","[1.0, -0.72549623]"
639,599,0,"[18.0, 29.0]","[1.0, -0.67534614]"
639,600,0,"[18.0, 29.0]","[0.9926107, -0.9192358]"
639,601,0,"[18.0, 29.0]","[0.20512155, -0.7011956]"
639,602,0,"[31.0, 27.0]","[0.11088192, -0.7487724]"
639,603,0,"[31.0, 27.0]","[-0.40095553, -0.52775085]"
639,604,0,"[31.0, 27.0]","[-0.16844678, -0.7705858]"
639,605,0.1,"[-2.0, 24.0]","[-0.1396033, -0.6810634]"
639,606,0,"[-2.0, 24.0]","[-1.0, -0.8728998]"
639,607,0,"[-2.0, 24.0]","[-0.40019533, -1.0]"
639,608,0.1,"[-9.0, 21.0]","[-0.36152363, -1.0]"
639,609,0,"[-9.0, 21.0]","[0.7970737, -1.0]"
639,610,0,"[-9.0, 21.0]","[-0.7338745, -1.0]"
639,611,0,"[19.0, 19.0]","[0.38944137, -1.0]"
639,612,0,"[19.0, 19.0]","[-0.91124266, -1.0]"
639,613,0,"[19.0, 19.0]","[-1.0, -1.0]"
639,614,0.1,"[16.0, 16.0]","[-1.0, -0.76089317]"
639,615,0,"[16.0, 16.0]","[-0.9537474, -0.5322071]"
639,616,0,"[16.0, 16.0]","[-1.0, -0.5141746]"
639,617,0,"[16.0, 16.0]","[-0.95549655, -0.22755009]"
639,618,0.1,"[13.0, 13.0]","[-1.0, -0.1433896]"
639,619,0,"[13.0, 13.0]","[-0.8384056, -0.44022688]"
639,620,0,"[13.0, 13.0]","[-0.64819795, -0.62978035]"
